kor_co_nm,fin_prdt_nm,join_way,mtrt_int,spcl_cnd,join_member,etc_note,dcls_strt_day,dcls_end_day
우리은행,WON플러스예금,"인터넷,스마트폰,전화(텔레뱅킹)","만기 후
- 1개월이내 : 만기시점약정이율×50%
- 1개월초과 6개월이내: 만기시점약정이율×30%
- 6개월초과 : 만기시점약정이율×20%

※ 만기시점 약정이율 : 일반정기예금 금리",해당사항 없음,실명의 개인,"- 가입기간: 1~36개월
- 최소가입금액: 1만원 이상
- 만기일을 일,월 단위로 자유롭게 선택 가능
- 만기해지 시 신규일 당시 영업점과 인터넷 홈페이지에 고시된 계약기간별 금리 적용",20241220,
한국스탠다드차타드은행,e-그린세이브예금,"인터넷,스마트폰","만기 후 1개월: 약정이율의 50%
만기 후 1개월 초과 1년 이내: 약정이율의 30%
만기 후 1년 초과: 약정이율의 10%","1.SC제일은행 최초 거래 신규고객에 대하여 우대 이율을 제공함 (보너스이율0.2%)                     2.SC제일마이백통장에서 출금하여 이 예금을 신규하는경우에 보너스이율을 제공함
(가입기간:1년제/ 보너스이율:0.1% / 만기해약하는 경우에 한해 보너스이율을 적용함)",개인(개인사업자 포함),"디지털채널 전용상품 (인터넷, 모바일뱅킹)",20241220,99991231
아이엠뱅크,iM주거래우대예금(첫만남고객형),"영업점,인터넷,스마트폰","만기 후 1개월 미만 경과 : 약정이자율 x 50%
만기 후 3개월 미만 경과 : 약정이자율 x 25%
만기 후 3개월 이상 경과 : 약정이자율 x 10%","* 최고우대금리 : 연0.65%p
 - 목돈굴리기예금 최초 가입시 : 연0.20%p
 - 상품 가입 전 최근 1개월 이내 신용(체크)카드 신규 발급 : 연0.20%p
 - 상품 가입 전 최근 1개월 이내 인터넷.폰.모바일앱뱅킹 가입 : 연0.20%p
 * 해당 상품을 인터넷/모바일뱅킹을 통해 가입 : 연0.05%p",실명의 개인,계좌당 가입 최저한도 : 100만원,20241220,
아이엠뱅크,iM행복파트너예금(일반형),"영업점,인터넷,스마트폰","만기 후 1개월 미만 경과 : 약정이자율 x 50%
만기 후 3개월 미만 경과 : 약정이자율 x 25%
만기 후 3개월 이상 경과 : 약정이자율 x 10%","* 최고우대금리 : 연0.45%p
- 지난달 당행 통장으로 연금 입금 실적 보유 : 연0.10%p
- 상품 가입 전 당행 신용(체크)카드 보유 : 연0.10%p
- 지난 3개월 예금 평잔 30만원 이상 : 연0.10%p
- iM행복파트너적금 동시 가입 및 만기 보유 : 연0.10%p
* 해당 상품을 인터넷/모바일뱅킹을 통해 가입 : 연0.05%p",만50세 이상 실명의 개인,계좌당 가입 최저한도 : 100만원,20241220,
아이엠뱅크,iM함께예금,"영업점,인터넷,스마트폰","만기 후 1개월 미만 경과 : 약정이자율 x 50%
만기 후 3개월 미만 경과 : 약정이자율 x 25%
만기 후 3개월 이상 경과 : 약정이자율 x 10%","* 최고우대금리 : 연0.45%p - 전월 총 수신 평잔실적 또는 상품 가입 전 첫만남플러스 통장 보유시 - 당행 주택청약상품보유 - 신규일 ""iM함께적금"" 동시 가입 및 만기 보유 -당행 오픈뱅킹서비스에 다른 은행 계좌 등록시 각  연0.10%p
* 해당 상품을 인터넷/모바일뱅킹을 통해 가입 시 : 연0.05%p",실명의 개인 및 개인사업자,계좌당 가입 최저한도 : 100만원,20241220,
아이엠뱅크,iM스마트예금,"인터넷,스마트폰","만기 후 1개월 미만 경과 : 약정이자율 x 50%
만기 후 3개월 미만 경과 : 약정이자율 x 25%
만기 후 3개월 이상 경과 : 약정이자율 x 10%","* 최고우대금리 : 연0.25%p
- 가입일(재예치일)로부터 3개월 이내 아래 1가지 이상 요건 충족시
① 당행 주택청약종합저축 보유
② 당행 신용(체크)카드 결제실적 보유(결제금액 출금기준)
* 해당 상품을 인터넷/모바일뱅킹을 통해 가입 : 연0.05%p",실명의 개인,계좌당 가입 최저한도 : 100만원,20241220,
부산은행,LIVE정기예금,"영업점,인터넷","- 만기후1년내: 가입기간별 일반정기예금이율 x 50%,
- 만기후1년초과:가입기간별 일반정기예금이율 x 20%","*우대이율
가. 3~5개월 특판우대이율 : 0.50%
나. 6~11개월 특판 우대이율: 0.40%
다. 12개월 특판 우대이율 : 0.30%",제한없음,"1. 가입금액 :
   1천만원 이상
2. 가입기간 :
1개월 이상 60개월 이하(일단위)
3. 월이자지급식/만기일시지급식",20241220,
부산은행,더(The) 특판 정기예금,"인터넷,스마트폰","- 만기후1년내: 가입기간별 일반정기예금이율 x 50%,
- 만기후1년초과:가입기간별 일반정기예금이율 x 20%","* 우대이율 (최대 0.45%p)
가. 모바일뱅킹 금융정보 및 혜택알림 동의 우대이율 : 0.10%p
나. 이벤트 우대이율 : 최대 0.35%p
1) 더(The) 특판 정기예금 신규고객 우대이율 : 0.20%p
2) 특판 우대이율 : 0.15%p",실명의 개인,"1. 가입금액 : 1백만원 이상 제한없음 (원단위)
2. 가입기간 : 1개월, 3개월, 6개월, 1년, 2년, 3년
3. 이자지급방식 : 만기일시지급식",20241220,
부산은행,더(The) 레벨업 정기예금,스마트폰,"- 만기후1년내: 가입기간별 일반정기예금이율 x 50%,
- 만기후1년초과:가입기간별 일반정기예금이율 x 20%","*우대이율(최대 0.20%p)
가. 모바일뱅킹 금융정보 및 혜택알림 동의 우대이율 : 0.10%p
나. 비대면 정기예금 재예치 우대이율  : 0.10%",실명의 개인,"1. 가입금액 : 1백만원 이상 제한없음 (원단위)
2. 가입기간 : 6개월, 1년
3. 이자지급방식 : 만기일시지급식",20241220,
광주은행,미즈월복리정기예금,"영업점,인터넷,스마트폰,기타","*만기후 1개월 이내: 만기일 당시 최초 가입 기간별 일반정기예금 고시금리의 1/2
*만기후 1개월 초과: 0.01%","▶ 최고우대금리 0.2%
 ① 요구불평잔 : 0.2% -300만원이상 0.1%, 500만원이상 0.2%
 ② 신용(체크)카드결제실적 : 0.1% -전월결제금 300만원이상 0.05%, 500만원이상 0.1%",만18세이상 여성으로 실명의 개인 및 개인사업자,"1. 가입기간 : 1년이상 3년제
2. 가입금액 : 5백만원이상 최고 50백만원",20241220,
광주은행,스마트모아Dream정기예금,"인터넷,스마트폰","*만기후 1개월 이내: 만기일 당시 최초 가입 기간별 일반정기예금 고시금리의 1/2
*만기후 1개월 초과: 0.01%",▶ 1천만원 이상 가입시 최대 0.2%우대,개인 및 개인사업자,"1. 가입기간 : 1개월이상 3년제
2. 최소가입금액 : 100만원이상",20241220,
광주은행,굿스타트예금,스마트폰,"*만기후 1개월 이내: 만기일 당시 최초 가입 기간별 일반정기예금 고시금리의 1/2
*만기후 1개월 초과: 0.01%","▶ 최고우대금리 0.5%
 ① 첫예금거래 : 0.4% -최근1년동안 정기예금 계좌 신규 또는 해지이력이 없는경우
 ② 개인(신용)정보 수집이용동의 : 0.1% -만기일전일까지 유지시",개인 및 개인사업자,"1. 가입기간 : 1년제
2. 가입금액 : 1백만원이상 최고 1억원(1인1계좌)",20241220,
광주은행,The플러스예금,"영업점,스마트폰","*만기후 1개월 이내: 만기일 당시 최초 가입 기간별 일반정기예금 고시금리의 1/2
*만기후 1개월 초과: 0.01%",▶ 해당사항없음,"개인 및 법인(단,국가 지자체 및 금융기관 제외)","1. 가입기간 : 3개월,6개월,1년제
2. 가입금액 : 10백만원이상 고객당 10억원한도",20241220,
제주은행,"제주Dream
정기예금
(개인/만기
지급식)","영업점,인터넷,스마트폰","- 만기후 1개월 이내 : (일반)정기예금 기본이자율의 50%
(단, 최저금리 0.1%)
- 만기후 1개월 초과 3개월 이내 : (일반)정기예금 기본이자율의 25%
(단, 최저금리 0.1%)
- 만기후 3개월 초과 : 0.1%","최고 연 0.1%p(항목별 0.1%p)
①급여이체
②적립식예금 잔액 10만원 이상 보유
③탑스, 주거래 고객
④결제계좌(가맹점) 전월 입금액 10만원 이상
⑤비과세종합저축 대상 고객
⑥다자녀(3인이상 자녀)가정
⑦탐나는 J연금통장 가입고객
⑧국민연금안심통장 가입고객
⑨공무원연금안심통장 가입고객",제한없음,가입금액 : 1백만원 이상,20241220,
제주은행,"J정기예금
(만기지급식)","영업점,인터넷,스마트폰","- 만기후 1개월 이내 : (일반)정기예금 기본이자율의 50%
(단, 최저금리 0.1%)
- 만기후 1개월 초과 3개월 이내 : (일반)정기예금 기본이자율의 25%
(단, 최저금리 0.1%)
- 만기후 3개월 초과 : 0.1%","- 아래의 우대요건 충족시 최고 0.5%p 추가 우대
①비대면 채널 가입시 0.3%제공(신규시제공)
(단, 이벤트시 디지털 채널에 고시한 우대금리를 추가 적용할 수 있음)
②신규일로부터 만기달 제외한 계약기간의 1/2이상 매월 Jbank로그인 시 0.2%제공(만기시제공)","실명의
개인 및
개인사업자",가입금액 : 30만원 이상,20241220,
전북은행,"JB 다이렉트예금통장
(만기일시지급식)","인터넷,스마트폰","만기후 1개월 이하 : 만기일 현재 계약기간별 정기예금 실행이율 1/2
만기후 1개월 초과 : 연 0.01%","우대조건
없음",실명의 개인(임의단체 제외,"가입금액 1계좌당 1백만원이상 10억원이하,
1인당  총 10억원 이하,
인터넷/스마트폰뱅킹 가입상품",20241220,
전북은행,"JB 123 정기예금
 (만기일시지급식)","인터넷,스마트폰","만기후 1개월 이하 : 만기일 현재 계약기간별 정기예금 실행이율 1/2
만기후 1개월 초과 : 연 0.01%","자동재예치 우대이율
1회차 0.1%,
2회차 0.2%,
3회차 0.3%
12개월:첫거래고객
0.25%, 마케팅동의고객 0.05%(~12/31일까지)단,가입후
최초 1년동안에 한하여 제공",실명의 개인 또는 개인사업자 (1인 다계좌 가입 가능함),"예금의 신규 : 인터넷뱅킹, 모바일뱅킹, 모바일웹, BDT
예금의 해지 : 인터넷뱅킹, 모바일뱅킹, 영업점
가입금액 최저 1백만원이상 고객별 5억원 이상 (다만 자동재예치시 이자 원가로 인한 5억원 초과는 가능), 계좌수 관계없이 가입가능",20241220,
경남은행,BNK더조은정기예금,"인터넷,스마트폰","만기 후 1개월 이내: 일반정기예금 기본이율 Ⅹ50%
만기 후 1개월 초과: 일반정기예금 기본이율 Ⅹ20%","①가입금액 20백만원 이상인 경우 0.20%
②이 예금 신규시 금리우대쿠폰 등록할 경우 0.20%
③ 경남은행 오픈뱅킹 서비스에 가입되어 있는 경우
(만기시까지 해당서비스 유지하는 경우) 0.10%
④ 자동재예치 신청 0.05%
(단 금리우대쿠폰과 중복적용 불가)","거래대상자는 제한을 두지 아니한다. 다만, 국가 및 지방자치단체는 이 예금을 거래할 수 없다.","1. 이 예금의 계약기간은 3개월 이상 2년 이내 월단위로 한다.
2. 가입금액은 1인당 최소 100만원 이상 5억원 이하이다.",20241220,
경남은행,BNK주거래우대정기예금,"인터넷,스마트폰","만기 후 1개월 이내: 일반정기예금 기본이율 Ⅹ50%
만기 후 1개월 초과: 일반정기예금 기본이율 Ⅹ20%","①급여,연금,가맹점대금 중 한 종류 입금할 경우 0.10%
②당행 신용/체크카드 결제실적 보유할 경우 0.10%
③가입일 기준 6개월이내 당행 정기예금 미보유 신규 고객인 경우 0.10%",개인 및 개인사업자,"1. 이 예금의 계약기간은 6개월, 1년, 2년으로 한다.
2. 가입좌수 제한없으며 가입금액은 최소 1백만원 이상 최고 5억원 이하이다.",20241220,
중소기업은행,IBK평생한가족통장(실세금리정기예금),"영업점,인터넷,스마트폰",만기일 당시 정기예금 만기후 이자율 적용 -1개월 이내: 만기일 당시 계약기간별 고시금리×50% -1월 초과 6개월 이내: 만기일 당시 계약기간별 고시금리×30% -6개월 초과: 만기일 당시 계약기간별 고시금리×20%,"최고 연 0.20%p

-고객별 우대 : 최고 연 0.05%p
 1. 최초신규고객 : 연 0.05%p
 2. 재예치고객 : 연 0.05%p
 3. 장기거래고객 : 연 0.05%p

-주거래우대 : 연 0.15%p","실명의 개인
(개인사업자 제외)","계좌 수 제한 없으며, 최소 1백만원 이상 통합한도 1억원 이내 가입 가능",20241220,
중소기업은행,1석7조통장(실세금리정기예금),"인터넷,스마트폰",만기일 당시 정기예금 만기후 이자율 적용 -1개월 이내: 만기일 당시 계약기간별 고시금리×50% -1월 초과 6개월 이내: 만기일 당시 계약기간별 고시금리×30% -6개월 초과: 만기일 당시 계약기간별 고시금리×20%,없음,"실명의 개인
(개인사업자 제외)","계좌 수 제한 없으며, 최소 1백만원 이상 납입한도 제한 없음",20241223,
한국산업은행,KDB 정기예금,"영업점,인터넷,스마트폰","* 만기후 1년 이내 : 만기일 현재 고시된 일반 정기예금 해당기간 기본이율의 1/2
* 만기후 1년 초과 : 만기일 현재 고시된 보통예금 이자율",해당없음,제한없음,해당없음,20241220,
국민은행,KB Star 정기예금,"인터넷,스마트폰","- 1개월 이내 : 기본이율 X 50%
- 1개월 초과  ~ 3개월 이내 : 기본이율 X 30%
- 3개월 초과 : 0.1%",해당무,실명의 개인 또는 개인사업자,- 가입금액 : 1백만원 이상,20241220,
신한은행,쏠편한 정기예금,"인터넷,스마트폰","-1개월 이하: (일반) 정기예금 기본금리 1/2
(단, 최저금리 0.10%)
-1개월 초과~6개월 이하: (일반) 정기예금 기본금리의 1/4
(단, 최저금리 0.10%)
-6개월 초과:  0.10%",해당사항없음,만14세이상 개인고객,"1. 가입한도 :
 1만원 이상",20241223,
농협은행주식회사,NH왈츠회전예금 II,"영업점,인터넷,스마트폰","만기 후 3개월 : 기본금리의 50%
만기 후 6개월 : 기본금리의 20%
만기 후 6개월 초과 : 기본금리의 10%

* 기본금리 : 만기시점의 일반정기예금 계약기간별 금리","1. 급여이체실적(50만원 이상)이 있는 경우 : 0.1%p
2. 트리플 회전 우대이율 :  4회전기간부터 0.1%p",개인,"※ 기본금리 및 최고 우대금리 항목은 가입기간이 아닌 ‘회전주기’기간별 금리를 공시
 - 회전주기는 1개월 이상 12개월 이내 월단위로 선택 가능
※ 전월취급평균금리는 본 홈페이지에 공시되지 않는 회전기간 6개월 미만의 계좌들도 포함하여 산출하기 때문에 회전기간별로 공시된 기본금리보다 낮게 보여질 수 있음",20241223,
농협은행주식회사,NH내가Green초록세상예금,"영업점,인터넷,스마트폰","만기 후 3개월 : 기본금리의 50%
만기 후 6개월 : 기본금리의 20%
만기 후  6개월 초과 : 기본금리의 10%

* 기본금리 : 만기시점의 일반정기예금 계약기간별 금리","※ 우대금리 최대한도 : 0.4%p(연%, 세전)
1. 온실가스 줄이기 실천서약서 동의 : 0.1%p
2. 통장미발급 : 0.1%p
3. 손하나로인증 서비스 등록 : 0.1%p
4. NH내가Green초록세상적금 동시 보유 : 0.1%p",개인,"1. 300만원이상 가입
2. 온실가스 줄이기 실천서약서 동의시 가입가능
3. 신규가입 계좌당 2천원씩 녹색환경기금 적립
※ 자세한 사항은 상품설명서 참조",20241223,
농협은행주식회사,NH올원e예금,"인터넷,스마트폰","만기 후 3개월 : 기본금리의 50%
만기 후 6개월 : 기본금리의 20%
만기 후  6개월 초과 : 기본금리의 10%

* 기본금리 : 만기시점의 큰만족실세예금 계약기간별 금리",없음,개인,1. 10만원 이상 10억원 이내 가입,20241223,
농협은행주식회사,NH고향사랑기부예금,"영업점,인터넷,스마트폰","만기 후 3개월 : 기본금리의 50%
만기 후 6개월 : 기본금리의 20%
만기 후  6개월 초과 : 기본금리의 10%

* 기본금리 : 만기시점의 큰만족실세예금 계약기간별 금리","1. 고향사랑기부금 납부고객 우대 : 0.5%p

2-1. 만65세 이상 고령자 우대 : 0.1%p
2-2. 만 19~34세 MZ고객 우대 : 0.1%p

3. 고향사랑 특별금리 : 0.1%p (금리시장상황에 따라 변동 가능)
 - 고향사랑 특별금리는 상품 가입고객 모두에게 적용",개인,"1. 100만원 이상 가입
2. 고향사랑기부금 우대금리는 농협은행/농축협 영업점 또는 고향사랑e음 홈페이지를 통한 고향사랑기부금 납부실적이 확인되는 경우 제공
3. 연간 판매액의 0.1% 공익기금 적립

※ 우대조건 관련 자세한 사항은 상품설명서 참조",20241223,
하나은행,하나의정기예금,스마트폰,"1개월이내 : 지급당시 해당기간 일반정기예금 월이자지급식 기본금리 1/2
1개월초과 : 지급당시 해당기간 일반정기예금 월이자지급식 기본금리 1/4",해당사항없음,실명의 개인 또는 개인사업자,"1. 가입금액: 1백만원이상
2. 1인 최대가입한도 : 제한 없음",20241220,
주식회사 케이뱅크,코드K 정기예금,스마트폰,"만기 후
- 1개월 이내 : 만기시점 기본금리 X 50%
- 1개월 초과~6개월 이내 : 만기시점 기본금리 X 30%
- 6개월 초과 : 연 0.20%",우대조건 없음,만 17세 이상 실명의 개인 및 개인사업자,"가입금액 : 1백만원 이상
가입기간 : 1개월~36개월",20241220,
수협은행,"Sh평생주거래우대예금
(만기일시지급식)",영업점,"* 만기후 1년 이내
 - 만기당시 일반정기예금(월이자지급식) 계약기간별 기본금리 1/2
* 만기후 1년 초과
 - 만기당시 보통예금 기본금리","* 최대우대금리 : 0.4%
1. 거래고객우대금리 : 최대0.1% (신규시)
 -최초예적금고객/재예치/장기거래 각 0.05%
2. 거래실적우대금리 : 최대0.3% (만기시)
 -급여,연금이체등/수협카드결제/공과금이체등 각0.1%
※단위:연%p",실명의 개인,"- 1인 1계좌
- 최저 100만원 이상",20241220,99991231
수협은행,"Sh해양플라스틱Zero!예금
(만기일시지급식)","영업점,인터넷,스마트폰","* 만기후
-1개월 이내: 만기당시 일반정기예금(월이자지급식) 계약기간별 기본금리 1/2
-1개월초과~3개월 이내: 만기당시 일반정기예금(월이자지급식) 기본금리의 1/4
- 3개월 초과: 만기당시 보통예금 기본금리","* 최대우대금리:0.35%
1. 해양플라스틱감축서약 : 0.1% (신규시)
2. 봉사활동 또는 상품홍보 : 0.15% (만기시)
3. 입출금통장 최초신규 : 0.1% (만기시)
4. 자동이체 출금실적 : 0.1% (만기시)
 - 수협신용카드 / 당행 펀드 또는 적금 / 수협체크카드
※단위:연%p",실명의 개인,"- 1인 다계좌 가능.
  단,  합산금액 5억원 이내
- 최저 100만원 이상",20241220,99991231
수협은행,헤이(Hey)정기예금,"인터넷,스마트폰","* 만기후
-1개월 이내: 만기당시 일반정기예금(월이자지급식) 계약기간별 기본금리 1/2
-1개월초과~3개월 이내: 만기당시 일반정기예금(월이자지급식) 기본금리의 1/4
- 3개월 초과: 만기당시 보통예금 기본금리",없음,실명의 개인,"-1인 다계좌 가능.
 단, 합산금액 최대 10억원 이내
-최저 10만원 이상",20241220,99991231
수협은행,Sh첫만남우대예금,"인터넷,스마트폰","* 만기후
-1개월 이내: 만기당시 일반정기예금(월이자지급식) 계약기간별 기본금리 1/2
-1개월초과~3개월 이내: 만기당시 일반정기예금(월이자지급식) 기본금리의 1/4
- 3개월 초과: 만기당시 보통예금 기본금리","* 최대우대금리:1.05%
1. 첫거래우대 : 1.0% (신규시)
  - 최근 1년간 수협은행 예적금 활동계좌 미보유 고객포함
2. 마케팅전체동의 : 0.05%(신규시)
3. 스마트폰뱅킹의 상품알리기 : 0.80%(만기시)
※단위:연%p",실명의 개인,"-1인 1계좌
-최저 100만원 이상",20241220,99991231
주식회사 카카오뱅크,카카오뱅크 정기예금,스마트폰,"- 만기 후 1개월 이내 : 가입(또는 자동연장)시점 기본금리x50%
- 만기 후 1개월초과 3개월 이내 : 가입(또는 자동연장)시점 기본금리x30%
- 만기 후 3개월 초과 : 0.20%",※복잡한 우대조건 없이 가입가능한 정기예금,만 17세 이상의 실명의 개인,"1. 가입방법 : 스마트폰
2. 가입금액 : 100만원 이상(원단위)
3. 가입기간 : 1개월 이상 ~ 36개월 이하(월, 일단위 지정 가능)",20241220,
토스뱅크 주식회사,토스뱅크 먼저 이자 받는 정기예금,스마트폰,"· 만기 후 1개월 이내 : 만기시점 기본금리 X 50%
· 만기 후 1개월 초과 3개월 이내 : 만기시점 기본금리 X 20%
· 만기 후 3개월 초과 : 연 0.10%",우대조건 없음,토스뱅크 통장 또는 토스뱅크 서브 통장을 보유한 만 17세 이상 실명의 개인,"· 계약기간 : 3개월, 6개월
· 가입금액 : 최소 1백만원 최대 10억원",20241220,99991231
애큐온저축은행,정기예금,"영업점,인터넷,스마트폰,전화(텔레뱅킹)","만기후 1개월 이내 해지 시 : 약정금리(2019.07.01 신규부터 적용)
만기후 1개월 초과 이후 해지 시 : 보통예금이율(2019.07.01 신규부터 적용)",없음,제한없음,가입금액 1백만원이상,20241206,
애큐온저축은행,플러스회전식정기예금(변동금리),"영업점,스마트폰","만기후 1개월 이내 해지 시 : 마지막 회전기간 약정금리
만기후 1개월 초과 이후 해지 시 : 보통예금이율",없음,제한없음,"가입금액: 1백만원 이상
1년단위 변동금리 상품 : 가입기간 36개월(가입후 매1년 회전주기 단위로 약정이율 변동)
약정이율 : 회전시점 정기예금 12개월금리+0.1%
중도해지이율 : 완료된 회전주기기간은 중도해지시에도 기간별 약정금리제공
(미완료된 회전주기기간은 당행 중도해지이자율 적용)",20241206,
애큐온저축은행,애큐온모바일예금,스마트폰,"만기후 1개월 이내 해지시 : 약정금리
만기후 1개월 초과 이후 해지 시 : 보통예금이율","모바일 가입 : 연 0.10%
(고시금리 포함)

멤버십 동의 : 연 0.050%
(고시금리 미포함)",제한없음,"가입금액 1백만원이상
1인1계좌
모바일전용가입상품",20241206,
애큐온저축은행,"플러스회전식정기예금(변동금리,모바일)",스마트폰,"만기후 1개월 이내 해지 시 : 마지막 회전기간 약정금리
만기후 1개월 초과 이후 해지 시 : 보통예금이율",없음,제한없음,"가입금액: 1백만원 이상
1년단위 변동금리 상품 : 가입기간 36개월(가입후 매1년 회전주기 단위로 약정이율 변동)
약정이율 : 회전시점 정기예금 12개월금리+0.1%
중도해지이율 : 완료된 회전주기기간은 중도해지시에도 기간별 약정금리제공
(미완료된 회전주기기간은 당행 중도해지이자율 적용)",20241206,
애큐온저축은행,3-UP정기예금,"영업점,인터넷,스마트폰","만기후 1개월 이내 해지 시 : 각 구간별 약정금리의 평균금리
(2019.07.01 신규부터 적용)
만기후 1개월 초과 이후 해지 시 : 보통예금이율
(2019.07.01 신규부터 적용)",없음,제한없음,"가입금액 1백만원이상
가입기간 12개월(가입후 매3개월 단위로 구간별 약정이율 변동)
약정이율 : 3.45%(평균금리)
(1구간 2.00%, 2구간 3.00%, 3구간 4.20%, 4구간 4.60%)
중도해지이율 : 경과한 구간은 구간별 약정금리 + 잔여경과일수의 보통예금금리 제공
(3개월미만은 보통예금금리 이자율 적용)",20241206,
애큐온저축은행,3-UP정기예금(모바일),스마트폰,"만기후 1개월 이내 해지 시 : 각 구간별 약정금리의 평균금리
(2019.07.01 신규부터 적용)
만기후 1개월 초과 이후 해지 시 : 보통예금이율
(2019.07.01 신규부터 적용)",없음,제한없음,"가입금액 1백만원이상
가입기간 12개월(가입후 매3개월 단위로 구간별 약정이율 변동)
약정이율 : 3.45%(평균금리)
(1구간 2.00%, 2구간 3.00%, 3구간 4.20%, 4구간 4.60%)
중도해지이율 : 경과한 구간은 구간별 약정금리 + 잔여경과일수의 보통예금금리 제공
(3개월미만은 보통예금금리 이자율 적용)",20241206,
애큐온저축은행,처음만난예금(모바일전용),스마트폰,"만기후 1개월 이내 해지시 : 약정금리
만기후 1개월 초과 이후 해지 시 : 보통예금이율","최고우대금리 : 0.4%
- 당행 정기예금 첫거래 고객 우대 : 0.3%
(고시금리 포함)
- 개인(신용)정보 마케팅(SMS)동의 유지 : 0.1%
(고시금리 미포함)",당행 정기예금 가입 이력이 없는 개인,"가입금액 1십만원 이상 1천만원 이하
1인1상품
모바일전용가입상품",20241206,
애큐온저축은행,다시만난예금(모바일전용),스마트폰,"만기후 1개월 이내 해지시 : 약정금리
만기후 1개월 초과 이후 해지 시 : 보통예금이율","최고우대금리 : 0.35%
- 다시 거래하는 고객 우대(6개월 이상 정기예금 미보유 : 0.25%
(고시금리 미포함)
- 다시 거래하는 고객 우대(12개월 이상 정기예금 미보유 : 0.35%
(고시금리 미포함)",제한없음,"가입금액 : 1십만원 이상 3천만원 이하
가입기간 : 7개월 ~24개월
1인1계좌
모바일전용가입상품",20241206,
오에스비저축은행,정기예금,영업점,"-만기후 1개월 이내 : 가입 시 약정금리와 만기 시 동일 상품의 금리 중 낮은 금리 적용
-만기후 1개월 경과 : 보통예금 금리 적용",없음,제한없음,"-가입금액 : 10만원 이상
-시장금리에 변동없는 최초 약정금리로 이자 수령",20241213,
오에스비저축은행,인터넷정기예금,"인터넷,스마트폰","-만기후 1개월 이내 : 가입 시 약정금리와 만기 시 동일 상품의 금리 중 낮은 금리 적용
-만기후 1개월 경과 : 보통예금 금리 적용",없음,제한없음,"-가입금액 : 10만원 이상
-시장금리에 변동없는 최초 약정금리로 이자 수령",20241213,
오에스비저축은행,OSB회전식정기예금,영업점,"-만기후 1개월 이내 : 마지막 회전주기의 약정이율과 동일상품 신규 약정 이율 중 낮은 이율 적용
-만기후 1개월 경과 : 보통예금 금리 적용",없음,제한없음,"-가입금액 : 100만원 이상
-금리
1) 가입시점 : 가입일에 고시된 12개월 정기예금 고시이율
2) 회전기간 도래시점 : 매 회전기간 시작일에 고시된 12개월 정기예금 고시이율
(회전도래일이 휴일 경우 다음 회전주기의 이자율은 휴일 전영업일의 금리 적용)",20241213,
오에스비저축은행,인터넷OSB회전식정기예금,"인터넷,스마트폰","-만기후 1개월 이내 : 마지막 회전주기의 약정이율과 동일상품 신규 약정 이율 중 낮은 이율 적용
-만기후 1개월 경과 : 보통예금 금리 적용",없음,제한없음,"-가입금액 : 100만원 이상
-금리
1) 가입시점 : 가입일에 고시된 12개월 정기예금 고시이율
2) 회전기간 도래시점 : 매 회전기간 시작일에 고시된 12개월 정기예금 고시이율
(회전도래일이 휴일 경우 다음 회전주기의 이자율은 휴일 전영업일의 금리 적용)",20241213,
디비저축은행,정기예금,영업점,1개월 이하 : 신규 당시 약정이율 또는 만기시점 동일상품 동일계약기간의 신규 고시금리 중 낮은 이율 / 1개월 초과 : 0.1%,해당사항없음,실명의 개인/법인,최소가입금액 : 10만원이상 / 가입채널 : 영업점,20241213,
디비저축은행,E-정기예금,인터넷,1개월 이하 : 신규 당시 약정이율 또는 만기시점 동일상품 동일계약기간의 신규 고시금리 중 낮은 이율 / 1개월 초과 : 0.1%,해당사항없음,실명의 개인/법인,최소가입금액 : 10만원이상 / 가입채널 : 인터넷뱅킹,20241213,
디비저축은행,DreamBig 정기예금,영업점,1개월 이하 : 신규 당시 약정이율 또는 만기시점 동일상품 동일계약기간의 신규 고시금리 중 낮은 이율 / 1개월 초과 : 0.1%,해당사항없음,실명의 개인/법인,최소가입금액 : 10만원이상 / 가입채널 : 영업점,20241213,
디비저축은행,DreamBig E-정기예금,인터넷,1개월 이하 : 신규 당시 약정이율 또는 만기시점 동일상품 동일계약기간의 신규 고시금리 중 낮은 이율 / 1개월 초과 : 0.1%,해당사항없음,실명의 개인/법인,최소가입금액 : 10만원이상 / 가입채널 : 인터넷뱅킹,20241213,
디비저축은행,M-DreamBig 정기예금,스마트폰,1개월 이하 : 신규 당시 약정이율 또는 만기시점 동일상품 동일계약기간의 신규 고시금리 중 낮은 이율 / 1개월 초과 : 0.1%,해당사항없음,실명의 개인,최소가입금액 : 10만원이상 / 가입채널 : 모바일뱅킹,20241213,
디비저축은행,M-정기예금,스마트폰,1개월 이하 : 신규 당시 약정이율 또는 만기시점 동일상품 동일계약기간의 신규 고시금리 중 낮은 이율 / 1개월 초과 : 0.1%,해당사항없음,실명의 개인,최소가입금액 : 10만원이상 / 가입채널 : 모바일뱅킹,20241213,
디비저축은행,DreamBig 정기예금(6M),영업점,1개월 이하 : 신규 당시 약정이율 또는 만기시점 동일상품 동일계약기간의 신규 고시금리 중 낮은 이율 / 1개월 초과 : 0.1%,해당사항없음,실명의 개인/법인,최소가입금액 : 10만원이상 / 가입채널 : 영업점,20241213,
디비저축은행,M-DreamBig 정기예금(6M),스마트폰,1개월 이하 : 신규 당시 약정이율 또는 만기시점 동일상품 동일계약기간의 신규 고시금리 중 낮은 이율 / 1개월 초과 : 0.1%,해당사항없음,실명의 개인,최소가입금액 : 10만원이상 / 가입채널 : 모바일뱅킹,20241213,
스카이저축은행,정기예금,영업점,*만기후 1개월 이내(2019.07.01이후 예금가입자) : 만기시점 동일상품 동일계약기간의 신규약정금리 *만기후 1개월 초과 :보통예금이율,없음,제한없음,최소금액:10만원이상,20241220,
스카이저축은행,e-정기예금,"인터넷,스마트폰",*만기후 1개월 이내(2019.07.01이후 예금가입자) : 만기시점 동일상품 동일계약기간의 신규약정금리 *만기후 1개월 초과 :보통예금이율,없음,제한없음,최소금액:10만원이상,20241220,
스카이저축은행,b-정기예금,"인터넷,스마트폰",*만기후 1개월 이내(2019.07.01이후 예금가입자) : 만기시점 동일상품 동일계약기간의 신규약정금리 *만기후 1개월 초과 :보통예금이율,없음,제한없음,최소금액:10만원이상,20241220,
스카이저축은행,회전정기예금,영업점,*만기후 1개월 이내 : 만기시점 동일상품 동일계약기간의 신규약정금리 *만기후 1개월 초과 :보통예금이율,없음,제한없음,"* 최소금액:10만원이상
*계약기간 : 36개월 (회전주기 12개월)
* 회전주기(매 1년)마다 약정이율 변동",20241220,
스카이저축은행,비대면회전정기예금,"인터넷,스마트폰",*만기후 1개월 이내 : 만기시점 동일상품 동일계약기간의 신규약정금리 *만기후 1개월 초과 :보통예금이율,없음,제한없음,"* 최소금액:10만원이상
*계약기간 : 36개월 (회전주기 12개월)
* 회전주기(매 1년)마다 약정이율 변동",20241220,
스카이저축은행,회전(6M)정기예금,영업점,*만기후 1개월 이내 : 최종만기시점 동일기간상품 신규 약정이율 *만기후 1개월 초과 :보통예금이율,없음,제한없음,"* 최소금액:10만원이상
*계약기간 : 36개월 (회전주기 6개월)
* 회전주기(6개월)마다 약정이율 변동",20241220,
스카이저축은행,비대면회전(6M)정기예금,"인터넷,스마트폰",*만기후 1개월 이내 : 최종만기시점 동일기간상품 신규 약정이율 *만기후 1개월 초과 :보통예금이율,없음,제한없음,"* 최소금액:10만원이상
*계약기간 : 36개월 (회전주기 6개월)
* 회전주기(6개월)마다 약정이율 변동",20241220,
민국저축은행,정기예금,영업점,"- 1개월 이내 : 가입당시 약정금리와 현재 금리 비교 후 낮은 금리
- 1개월 이후 : 보통예금 금리 적용","* 최대우대금리 : 0.1%
- 창구에서 1년이상 재예치 하는 경우 + 0.1%p",제한없음,#NAME?,20241218,
민국저축은행,e-행복정기예금 (인터넷),인터넷,"- 1개월 이내 : 가입당시 약정금리와 현재 금리 비교 후 낮은 금리
- 1개월 이후 : 보통예금 금리 적용",#NAME?,개인,#NAME?,20241218,
민국저축은행,비대면정기예금 (비대면),스마트폰,"- 1개월 이내 : 가입당시 약정금리와 현재 금리 비교 후 낮은 금리
- 1개월 이후 : 보통예금 금리 적용",#NAME?,개인,"- 중도해지 시 가입 기간에 따라 중도해지이율이 다르게 적용됩니다.
- 가입가능시간(09:00~16:00)",20241218,
민국저축은행,톡톡정기예금 (모바일),스마트폰,"- 1개월 이내 : 가입당시 약정금리와 현재 금리 비교 후 낮은 금리
- 1개월 이후 : 보통예금 금리 적용",#NAME?,개인,#NAME?,20241218,
푸른상호저축은행,푸른 정기예금,"영업점,인터넷,스마트폰","만기 후 보통예금 금리에 연동 (단, 만기 1개월 경과시점까지는 약정금리와 만기시점 동일상품 동일계약기간의 기본금리 중 낮은 금리 적용)","예금 가입일 기준 예금거래기간 3년 이상, 직전 2년 평잔 10억원 이상인 고객(단, 대출관련 예금 등 제외) : 0.1%p",제한없음,"* 중도해지금리
1개월 미만 : 0.20%,
3개월 미만 : 1.45%,
6개월 미만 : 1.87%,
12개월 미만 : 1.88%,
12개월 이상
- 연단위 기간 : 해당 기간별 가입시점 고시금리 적용
- 연단위 기간 초과분 : 초과기간에 해당하는 가입시점의 중도해지금리 적용

* 우수고객 중도해지금리 : 실예치기간 기본금리 적용",20241205,
HB저축은행,정기예금,영업점,"- 만기 후 1개월 이하: 당초 약정금리와 만기시동일상품 동일계약기간의 고시금리중 낮은 금리
- 만기 후 1개월 초과: 보통예금 금리",해당사항없음,제한없음,영업점 가입 전용상품,20241223,
HB저축은행,e-정기예금,인터넷,"- 만기 후 1개월 이하: 당초 약정금리와 만기시동일상품 동일계약기간의 고시금리중 낮은 금리
- 만기 후 1개월 초과: 보통예금 금리",해당사항없음,제한없음,인터넷가입 전용상품,20241223,
HB저축은행,스마트정기예금,스마트폰,"- 만기 후 1개월 이하: 당초 약정금리와 만기시동일상품 동일계약기간의 고시금리중 낮은 금리
- 만기 후 1개월 초과: 보통예금 금리",해당사항없음,제한없음,스마트폰가입 전용상품,20241223,
HB저축은행,회전정기예금,영업점,"- 만기 후 1개월 이하: 당초 약정금리와 만기시동일상품 동일계약기간의 고시금리중 낮은 금리
- 만기 후 1개월 초과: 보통예금 금리",해당사항없음,제한없음,영업점 가입 전용상품 / 계약기간 : 36개월 (회전주기 12개월),20241223,
HB저축은행,e-회전정기예금,인터넷,"- 만기 후 1개월 이하: 당초 약정금리와 만기시동일상품 동일계약기간의 고시금리중 낮은 금리
- 만기 후 1개월 초과: 보통예금 금리",해당사항없음,제한없음,인터넷가입 전용상품 / 계약기간 : 36개월 (회전주기 12개월),20241223,
HB저축은행,스마트회전정기예금,스마트폰,"- 만기 후 1개월 이하: 당초 약정금리와 만기시동일상품 동일계약기간의 고시금리중 낮은 금리
- 만기 후 1개월 초과: 보통예금 금리",해당사항없음,제한없음,스마트폰가입 전용상품 / 계약기간 : 36개월 (회전주기 12개월),20241223,
HB저축은행,6개월 회전정기예금,영업점,"- 만기 후 1개월 이하: 당초 약정금리와 만기시동일상품 동일계약기간의 고시금리중 낮은 금리
- 만기 후 1개월 초과: 보통예금 금리",해당사항없음,제한없음,영업점 가입 전용상품 / 계약기간 : 36개월 (회전주기 6개월),20241223,
HB저축은행,e-6개월 회전정기예금,인터넷,"- 만기 후 1개월 이하: 당초 약정금리와 만기시동일상품 동일계약기간의 고시금리중 낮은 금리
- 만기 후 1개월 초과: 보통예금 금리",해당사항없음,제한없음,인터넷가입 전용상품 / 계약기간 : 36개월 (회전주기 6개월),20241223,
HB저축은행,스마트 6개월 회전정기예금,스마트폰,"- 만기 후 1개월 이하: 당초 약정금리와 만기시동일상품 동일계약기간의 고시금리중 낮은 금리
- 만기 후 1개월 초과: 보통예금 금리",해당사항없음,제한없음,스마트폰가입 전용상품 / 계약기간 : 36개월 (회전주기 6개월),20241223,
키움예스저축은행,정기예금,영업점,"*만기후 1개월 이내 : 당초 약정금리 또는 만기시 동일상품 동일계약기간의 신규 약정금리 중 낮은 이율
*만기후 1개월 초과 : 만기시점 보통예금 이율",-,제한없음,-,20241223,
키움예스저축은행,"e-정기예금(인터넷뱅킹, 스마트뱅킹)","인터넷,스마트폰","*만기후 1개월 이내 : 당초 약정금리 또는 만기시 동일상품 동일계약기간의 신규 약정금리 중 낮은 이율
*만기후 1개월 초과 : 만기시점 보통예금 이율",-,제한없음,-,20241223,
키움예스저축은행,SB톡톡 정기예금(비대면),스마트폰,"*만기후 1개월 이내 : 당초 약정금리 또는 만기시 동일상품 동일계약기간의 신규 약정금리 중 낮은 이율
*만기후 1개월 초과 : 만기시점 보통예금 이율",-,제한없음,-,20241223,
키움예스저축은행,회전yes정기예금(1년단위 변동금리상품),영업점,"*만기후 1개월 이내 : 약정금리(최종회전금리) 또는 만기시 동일상품 신규 약정금리 중 낮은 금리
*만기후 1개월 초과 : 만기시점 보통예금 금리","*회전시점의 정기예금 12개월 금리 + 우대금리 0.1% 적용, 매1년 회전주기 단위로 약정이율이 변동
*중도해지시 회전주기 충족분에는 약정이율, 잔여기간에는 중도해지이율 적용",제한없음,*가입기간 36개월(회전주기 매1년),20241223,
키움예스저축은행,"e-회전yes정기예금(1년단위 변동금리상품) (인터넷뱅킹, 스마트뱅킹)","인터넷,스마트폰","*만기후 1개월 이내 : 약정금리(최종회전금리) 또는 만기시 동일상품 신규 약정금리 중 낮은 금리
*만기후 1개월 초과 : 만기시점 보통예금 금리","*회전시점의 정기예금 12개월 금리 + 우대금리 0.1% 적용, 매1년 회전주기 단위로 약정이율이 변동
*중도해지시 회전주기 충족분에는 약정이율, 잔여기간에는 중도해지이율 적용",제한없음,*가입기간 36개월(회전주기 매1년),20241223,
키움예스저축은행,SB톡톡 회전yes정기예금(1년단위 변동금리상품) (비대면),스마트폰,"*만기후 1개월 이내 : 약정금리(최종회전금리) 또는 만기시 동일상품 신규 약정금리 중 낮은 금리
*만기후 1개월 초과 : 만기시점 보통예금 금리","*회전시점의 정기예금 12개월 금리 + 우대금리 0.1% 적용, 매1년 회전주기 단위로 약정이율이 변동
*중도해지시 회전주기 충족분에는 약정이율, 잔여기간에는 중도해지이율 적용",제한없음,*가입기간 36개월(회전주기 매1년),20241223,
더케이저축은행,정기예금,영업점,"-30일 이내 : 약정금리와 현행 고시금리중 낮은 이율
-30일 이후 : 보통예금 이율",없음,제한없음,없음,20241114,
더케이저축은행,e-정기예금,"인터넷,스마트폰","-30일 이내 : 약정금리와 현행 고시금리중 낮은 이율
-30일 이후 : 보통예금 이율",없음,제한없음,#NAME?,20241114,
더케이저축은행,회전식정기예금(1년단위 변동금리상품),영업점,"-30일 이내 : 약정금리와 현행 고시금리중 낮은 이율
-30일 이후 : 보통예금 이율",없음,제한없음,변동금리,20241114,
더케이저축은행,e-회전식정기예금(1년단위 변동금리상품),"인터넷,스마트폰","-30일 이내 : 약정금리와 현행 고시금리중 낮은 이율
-30일 이후 : 보통예금 이율",없음,제한없음,변동금리,20241114,
조은저축은행,정기예금(서울본점),영업점,"- 1개월이내 해지: 만기시 동일상품 동일계약기간의 신규약정금리
'- 1개월초과 이후 해지: 보통예금 이율",없음,제한없음,없음,20241202,
조은저축은행,정기예금(여수지점),영업점,"- 1개월이내 해지: 만기시 동일상품 동일계약기간의 신규약정금리
'- 1개월초과 이후 해지: 보통예금 이율",없음,제한없음,없음,20241202,
조은저축은행,e-정기예금,"인터넷,스마트폰","- 1개월이내 해지: 만기시 동일상품 동일계약기간의 신규약정금리
'- 1개월초과 이후 해지: 보통예금 이율",없음,제한없음,"인터넷, 스마트폰 전용",20241202,
에스비아이저축은행,정기예금,"영업점,인터넷,스마트폰","- 만기 후 1개월 이하: 약정금리

- 만기 후 1개월 초과: 연0.2%",- 비대면(인터넷뱅킹 또는 사이다뱅크APP)우대금리 : 연0.1%,제한없음,없음,20241126,
에스비아이저축은행,회전정기예금,"영업점,인터넷,스마트폰","- 만기 후 1개월 이하: 약정금리

- 만기 후 1개월 초과: 연0.2%","- 비대면(인터넷뱅킹 또는 사이다뱅크APP)우대금리 : 연0.1%

- 회전주기우대금리 : 연0.1%",제한없음,-1년 마다 고시이율이 적용되는 변동금리 상품,20241126,
바로저축은행,정기예금,영업점,"* 만기후 1개월 이내 : 약정금리와 현행금리 중 낮은 금리
* 만기후 1개월 초과 : 보통예금 금리",없음,제한없음,"1. 최소가입금액: 10만원이상
2. 정기예금 12개월 초과 3.00% (정기예금 12개월만 3.5% 적용)",20241218,
바로저축은행,스마트정기예금(인터넷),인터넷,"* 만기후 1개월 이내 : 약정금리와 현행금리 중 낮은 금리
* 만기후 1개월 초과 : 보통예금 금리",없음,제한없음,"1. 최소가입금액: 10만원이상
2. 정기예금 12개월 초과 3.00% (정기예금 12개월만 3.5% 적용)",20241218,
바로저축은행,SB톡톡 정기예금(비대면),스마트폰,"* 만기후 1개월 이내 : 약정금리와 현행금리 중 낮은 금리
* 만기후 1개월 초과 : 보통예금 금리",없음,제한없음,"1. 최소가입금액: 10만원이상
2. 정기예금 12개월 초과 3.00% (정기예금 12개월만 3.5% 적용)",20241218,
바로저축은행,바로6개월 정기예금,영업점,"* 만기후 1개월 이내 : 약정금리와 현행금리 중 낮은 금리
* 만기후 1개월 초과 : 보통예금 금리",없음,제한없음,1. 최소가입금액: 10만원이상,20241122,
바로저축은행,바로6개월 정기예금(비대면),"인터넷,스마트폰","* 만기후 1개월 이내 : 약정금리와 현행금리 중 낮은 금리
* 만기후 1개월 초과 : 보통예금 금리",없음,제한없음,1. 최소가입금액: 10만원이상,20241122,
다올저축은행,Fi 정기예금 (대면),"인터넷,스마트폰","- 1개월 까지 : 당초 약정이율과 만기시점 고시이율을 비교하여 낮은 금리 적용
- 1개월 초과 : 연0.1%",없음,제한없음,"* 중도해지이율 (경과기간별 차등 적용)
- 1개월미만 : 가입일의 보통예금 금리, 6개월미만 : 약정이율X50%, 9개월미만 : 약정이율X55%,
12개월미만 : 약정이율X60%, 12개월이상 : 약정이율X70%",20241216,
다올저축은행,Fi 정기예금 (비대면),"인터넷,스마트폰","- 1개월 까지 : 당초 약정이율과 만기시점 고시이율을 비교하여 낮은 금리 적용
- 1개월 초과 : 연0.1%",없음,제한없음,"* 중도해지이율 (경과기간별 차등 적용)
- 1개월미만 : 가입일의 보통예금 금리, 6개월미만 : 약정이율X50%, 9개월미만 : 약정이율X55%,
12개월미만 : 약정이율X60%, 12개월이상 : 약정이율X70%",20241216,
다올저축은행,Fi 리볼빙 정기예금 (대면),영업점,"- 1개월 까지 : 마지막 회전도래 시 약정이율과 만기시점 고시이율을 비교하여 낮은 금리 적용
- 1개월 초과 : 연0.1%",없음,제한없음,"* 변동금리 상품 :가입기간36개월(가입 후 매1년 회전주기 단위로 약정이율 변동) /약정이율 : 회전시점의 Fi정기예금(비대면) 12개월 금리+0.05% / 중도해지이율 : 1개월미만 : 신규일(또는 최종회전일)의 보통예금 금리, 6개월미만 : 약정이율X50%, 9개월미만 : 약정이율X55%, 12개월미만 : 약정이율X60%",20241216,
다올저축은행,Fi 리볼빙 정기예금 (비대면),"인터넷,스마트폰","- 1개월 까지 : 마지막 회전도래 시 약정이율과 만기시점 고시이율을 비교하여 낮은 금리 적용
- 1개월 초과 : 연0.1%",없음,제한없음,"* 변동금리 상품 :가입기간은 36개월(가입 후 매1년 회전주기 단위로 약정이율 변동) /약정이율 : 회전시점의 Fi정기예금(비대면) 12개월 금리+0.05% /중도해지이율 : 1개월미만 : 신규일(또는 최종회전일)의 보통예금 금리, 6개월미만 : 약정이율X50%, 9개월미만 : 약정이율X55%, 12개월미만 : 약정이율X60%",20241216,
다올저축은행,Fi 자유해지 정기예금(변동) (대면),영업점,"- 1개월 까지 : 마지막 회전도래 시 약정이율과 만기시점 고시이율을 비교하여 낮은 금리 적용
- 1개월 초과 : 연0.1%",없음,제한없음,* 변동금리상품: 가입기간은 36개월(가입후 매 3개월 단위로 약정이율 변동) / 약정이율 : 회전시점의 동일채널별 'Fi저축예금' 금리+0.30% / 중도해지이율 : 중도해지 시점 해당계좌의 약정금리와 동일,20240112,
다올저축은행,Fi 자유해지 정기예금(변동) (비대면),"인터넷,스마트폰","- 1개월 까지 : 마지막 회전도래 시 약정이율과 만기시점 고시이율을 비교하여 낮은 금리 적용
- 1개월 초과 : 연0.1%",없음,제한없음,* 변동금리상품: 가입기간은 36개월(가입후 매 3개월 단위로 약정이율 변동) / 약정이율 : 회전시점의 동일채널별 'Fi저축예금' 금리+0.30% / 중도해지이율 : 중도해지 시점 해당계좌의 약정금리와 동일,20240112,
다올저축은행,Fi 하이브리드 정기예금 (대면),영업점,"- 1개월 까지 : 당초 기본금리와 만기시점 기본금리를 비교하여 낮은 금리 적용
- 1개월 초과 : 연0.1%",없음,제한없음,"* 하루만 맡겨도 기본금리 적용, 만기시에는 추가금리가 더해지는 12개월 정기예금
*중도해지이율 : 기본금리
*만기해지이율 : 기본금리+추가금리",20241205,
다올저축은행,Fi 하이브리드 정기예금 (비대면),"인터넷,스마트폰","- 1개월 까지 : 당초 기본금리와 만기시점 기본금리를 비교하여 낮은 금리 적용
- 1개월 초과 : 연0.1%",없음,제한없음,"* 하루만 맡겨도 기본금리 적용, 만기시에는 추가금리가 더해지는 12개월 정기예금
*중도해지이율 : 기본금리
*만기해지이율 : 기본금리+추가금리",20241205,
다올저축은행,Fi 리볼빙 정기예금(6M)(대면),영업점,"- 만기후 1개월이내 : 마지막 회전도래시 약정이율 또는 만기시점 동일상품의 신규 약정이율 중 낮은 이율
- 만기후 1개월초과 : 연 0.1%",없음,제한없음,"* 변동금리 상품 : 가입기간 36개월 (가입 후 매 6개월 회전주기 단위로 약정이율 변동)
* 중도해지이율 : 1개월미만 - 신규일의 보통예금 금리, 6개월미만 : 약정이율X50%,",20241216,
다올저축은행,Fi 리볼빙 정기예금(6M)(비대면),"인터넷,스마트폰","- 만기후 1개월이내 : 마지막 회전도래시 약정이율 또는 만기시점 동일상품의 신규 약정이율 중 낮은 이율
- 만기후 1개월초과 : 연 0.1%",없음,제한없음,"* 변동금리 상품 : 가입기간 36개월 (가입 후 매 6개월 회전주기 단위로 약정이율 변동)
* 중도해지이율 : 1개월미만 - 신규일의 보통예금 금리, 6개월미만 : 약정이율X50%,",20241216,
유안타저축은행,정기예금,영업점,"만기후 1개월이하:
약정금리와 현행금리 중 낮은 금리
만기후 1개월초과:
현행 보통예금금리",없음,제한없음,없음,20241209,
유안타저축은행,e-정기예금,"인터넷,스마트폰","만기후 1개월이하:
약정금리와 현행금리 중 낮은 금리
만기후 1개월초과:
현행 보통예금금리",없음,제한없음,없음,20241209,
유안타저축은행,회전정기예금 (변동금리),영업점,"만기후 1개월이하:
약정금리와 현행금리 중 낮은 금리
만기후 1개월초과:
현행 보통예금금리",없음,제한없음,없음,20241209,
유안타저축은행,SB톡톡 정기예금 (비대면),스마트폰,"만기후 1개월이하:
약정금리와 현행금리 중 낮은 금리
만기후 1개월초과:
현행 보통예금금리",없음,제한없음,없음,20241209,
유안타저축은행,e-회전정기예금 (변동금리),"인터넷,스마트폰","만기후 1개월이하:
약정금리와 현행금리 중 낮은 금리
만기후 1개월초과:
현행 보통예금금리",없음,제한없음,없음,20241209,
유안타저축은행,SB톡톡 회전정기예금 (비대면),스마트폰,"만기후 1개월이하:
약정금리와 현행금리 중 낮은 금리
만기후 1개월초과:
현행 보통예금금리",없음,제한없음,없음,20241209,
고려저축은행,정기예금,영업점,"*2019.06.30 가입분까지 만기시점 보통예금이자율(현재0.1%)
*2019.07.01 가입분부터
1개월이내: 당초 약정금리와 만기시 동일상품 동일계약기간의 신규약정금리 중 낮은이율
1개월초과: 보통예금이자율(현재0.1%)",-,비거주 외국인 외 제한없음,-,20241210,
고려저축은행,정기예금(비대면),"인터넷,스마트폰","*2019.06.30 가입분까지 만기시점 보통예금이자율(현재0.1%)
*2019.07.01 가입분부터
1개월이내: 당초 약정금리와 만기시 동일상품 동일계약기간의 신규약정금리 중 낮은이율
1개월초과: 보통예금이자율(현재0.1%)",-,비거주 외국인 외 제한없음,-,20241210,
고려저축은행,회전정기예금,영업점,"*2019.06.30 가입분까지 만기시점 보통예금이자율(현재0.1%)
*2019.07.01 가입분부터
1개월이내: 당초 약정금리와 만기시 동일상품 동일계약기간의 신규약정금리 중 낮은이율
1개월초과: 보통예금이자율(현재0.1%)",-,비거주 외국인 외 제한없음,-,20241210,
고려저축은행,회전정기예금(비대면),"인터넷,스마트폰","*2019.06.30 가입분까지 만기시점 보통예금이자율(현재0.1%)
*2019.07.01 가입분부터
1개월이내: 당초 약정금리와 만기시 동일상품 동일계약기간의 신규약정금리 중 낮은이율
1개월초과: 보통예금이자율(현재0.1%)",-,비거주 외국인 외 제한없음,-,20241210,
고려저축은행,GPS 정기예금(비대면),"인터넷,스마트폰","*2019.06.30 가입분까지 만기시점 보통예금이자율(현재0.1%)
*2019.07.01 가입분부터
1개월이내: 당초 약정금리와 만기시 동일상품 동일계약기간의 신규약정금리 중 낮은이율
1개월초과: 보통예금이자율(현재0.1%)",-,#NAME?,-,20241210,
고려저축은행,GPS 회전정기예금(비대면),"인터넷,스마트폰","*2019.06.30 가입분까지 만기시점 보통예금이자율(현재0.1%)
*2019.07.01 가입분부터
1개월이내: 당초 약정금리와 만기시 동일상품 동일계약기간의 신규약정금리 중 낮은이율
1개월초과: 보통예금이자율(현재0.1%)",-,#NAME?,-,20241210,
국제저축은행,꿈 찾아 정기예금,영업점,"만기후 1개월까지는 계약당시 금리와 만기시점 해당금리를 비교하여 낮은 금리 적용
만기후 1개월 초과 이후로는 보통예금 금리 적용",없음,제한없음,"만기후 1개월까지는 계약당시 금리와 만기시점 해당금리를 비교하여 낮은 금리 적용
만기후 1개월 초과 이후로는 보통예금 금리 적용",20241211,
국제저축은행,꿈 찾아 정기예금(비대면),스마트폰,"만기후 1개월까지는 계약당시 금리와 만기시점 해당금리를 비교하여 낮은 금리 적용
만기후 1개월 초과 이후로는 보통예금 금리 적용",없음,만 19세 이상의 개인,"만기후 1개월까지는 계약당시 금리와 만기시점 해당금리를 비교하여 낮은 금리 적용
만기후 1개월 초과 이후로는 보통예금 금리 적용",20241211,
디에이치저축은행,정기예금,영업점,"*1개월이하 : 약정이율 범위 내 현행이율
*1개월초과: 보통예금 이율",없음,제한없음,없음,20241218,
디에이치저축은행,정기예금(비대면),"인터넷,스마트폰","*1개월이하 : 약정이율 범위 내 현행이율
*1개월초과: 보통예금 이율",없음,제한없음,없음,20241218,
흥국저축은행,정기예금,영업점,"- 만기 후 1개월 이하: 약정금리와 만기일 현재 정기예금 금리중 낮은 금리 적용
- 만기 후 1개월 초과: 보통예금 이율",없음,제한없음,없음,20241206,
흥국저축은행,E-정기예금,인터넷,"- 만기 후 1개월 이하: 약정금리와 만기일 현재 정기예금 금리중 낮은 금리 적용
- 만기 후 1개월 초과: 보통예금 이율",없음,제한없음,없음,20241206,
흥국저축은행,S-정기예금,스마트폰,"- 만기 후 1개월 이하: 약정금리와 만기일 현재 정기예금 금리중 낮은 금리 적용
- 만기 후 1개월 초과: 보통예금 이율",없음,제한없음,없음,20241206,
흥국저축은행,비대면 정기예금,스마트폰,"- 만기 후 1개월 이하: 약정금리와 만기일 현재 정기예금 금리중 낮은 금리 적용
- 만기 후 1개월 초과: 보통예금 이율",없음,제한없음,없음,20241206,
우리저축은행,정기예금,영업점,"- 만기 후 1개월 이하: 약정금리와 만기일 현재 정기예금 금리중 낮은 금리 적용
- 만기 후 1개월 초과: 보통예금 이율",없음,제한없음,없음,20241223,
우리저축은행,정기예금(비대면),"인터넷,스마트폰","- 만기 후 1개월 이하: 약정금리와 만기일 현재 정기예금 금리중 낮은 금리 적용
- 만기 후 1개월 초과: 보통예금 이율",없음,"제한없음(단,미성년자,비거주외국인제외)",없음,20241223,
인성저축은행,정기예금,영업점,"-1개월이내 : 약정이율
-1개월초과 : 보통예금이율",없음,#NAME?,#NAME?,20241122,
인성저축은행,e-정기예금,"인터넷,스마트폰","-1개월이내 : 약정이율
-1개월초과 : 보통예금이율",없음,#NAME?,#NAME?,20241122,
인성저축은행,회전정기예금,영업점,"-1개월이내 : 약정이율
-1개월초과 : 보통예금이율",없음,#NAME?,"- 상품최초 가입일자부터 1년이 경과하여 해지하는 경우에는 금번 금리변경＊전 일자까지는 약정이율이 적용되고, 금번 금리변경일 이후 1년 경과 전 중도해지 시 위 기간별 중도해지이율이 적용됩니다.
* 본건 회전식정기예금 금리는 최초가입 일부터 1년 단위로 변경 적용되며, 적용되는 약정이율은
금리변경일의 당행 회전식 정기예금 금리가 적용됩니다.",20241122,
인성저축은행,e-회전정기예금,"인터넷,스마트폰","-1개월이내 : 약정이율
-1개월초과 : 보통예금이율",없음,#NAME?,"- 상품최초 가입일자부터 1년이 경과하여 해지하는 경우에는 금번 금리변경＊전 일자까지는 약정이율이 적용되고, 금번 금리변경일 이후 1년 경과 전 중도해지 시 위 기간별 중도해지이율이 적용됩니다.
* 본건 회전식정기예금 금리는 최초가입 일부터 1년 단위로 변경 적용되며, 적용되는 약정이율은
금리변경일의 당행 e-회전식 정기예금 금리가 적용됩니다.",20241122,
금화저축은행,정기예금,영업점,"① 만기 후 1개월 이내 : 약정금리
② 만기 후 1개월 초과 : 보통예금 이율 (0.2%)",창구전용상품,제한없음,"중도해지이율 - ① 1개월 미만 : 보통예금이율 (0.2%)
② 1개월이상~6개월미만 : 약정이율X50%
③ 6개월이상~12개월미만 : 약정이율X55%
④ 12개월이상~24개월미만 : 약정이율X60%
⑤ 24개월이상~36개월미만 : 약정이율X70%",20241220,
금화저축은행,e-정기예금,"인터넷,스마트폰","① 만기 후 1개월 이내 : 약정금리
② 만기 후 1개월 초과 : 보통예금 이율 (0.2%)",-,인터넷 및 모바일뱅킹 사용자,"중도해지이율 - ① 1개월 미만 : 보통예금이율 (0.2%)
② 1개월이상~6개월미만 : 약정이율X50%
③ 6개월이상~12개월미만 : 약정이율X55%
④ 12개월이상~24개월미만 : 약정이율X60%
⑤ 24개월이상~36개월미만 : 약정이율X70%",20241220,
금화저축은행,비대면-정기예금,스마트폰,"① 만기 후 1개월 이내 : 약정금리
② 만기 후 1개월 초과 : 보통예금 이율 (0.2%)",-,비대면 어플사용자,"중도해지이율 - ① 1개월 미만 : 보통예금이율 (0.2%)
② 1개월이상~6개월미만 : 약정이율X50%
③ 6개월이상~12개월미만 : 약정이율X55%
④ 12개월이상~24개월미만 : 약정이율X60%
⑤ 24개월이상~36개월미만 : 약정이율X70%",20241220,
금화저축은행,"회전정기예금(1년단위,변동금리)",영업점,"① 만기 후 1개월 이내 : 최종회전금리와 만기시 동일상품 신규 약정금리 중 낮은 금리
② 만기 후 1개월 초과 : 보통예금 이율 (0.2%)",창구전용상품,제한없음,"변동금리상품 : 가입기간은 36개월이며, 매1년 회전주기 단위로 약정이율 변동
중도해지이율 - ① 1개월 미만 : 보통예금이율 (0.2%)
② 1개월이상~6개월미만 : 약정이율X50%
③ 6개월이상~12개월미만 : 약정이율X55%
④ 완료된 회전주기기간(12개월) : 약정이율(12개월주기마다 변동이율 적용)",20241220,
금화저축은행,"e-회전정기예금(1년단위,변동금리)","인터넷,스마트폰","① 만기 후 1개월 이내 : 최종회전금리와 만기시 동일상품 신규 약정금리 중 낮은 금리
② 만기 후 1개월 초과 : 보통예금 이율 (0.2%)",-,인터넷 및 모바일뱅킹 사용자,"변동금리상품 : 가입기간은 36개월이며, 매1년 회전주기 단위로 약정이율 변동
중도해지이율 - ① 1개월 미만 : 보통예금이율 (0.2%)
② 1개월이상~6개월미만 : 약정이율X50%
③ 6개월이상~12개월미만 : 약정이율X55%
④ 완료된 회전주기기간(12개월) : 약정이율(12개월주기마다 변동이율 적용)",20241220,
인천저축은행,정기예금,영업점,1. 1개월이내 : 최초약정이율 / 2. 1개월초과 : 연 0.1%,창구전용상품,제한없음,예금가입금액 10만원이상,20241218,
인천저축은행,e-보다 정기예금,"인터넷,스마트폰",1. 1개월이내 : 최초약정이율 / 2. 1개월초과 : 연 0.1%,인터넷뱅킹 전용상품,제한없음,예금가입금액 10만원이상,20241218,
인천저축은행,회전정기예금,영업점,1. 1개월이내 : 만기시점 동일상품 신규 약정금리 / 2. 1개월초과 : 연 0.1%,창구전용상품,제한없음,예금가입금액 10만원이상,20241218,
인천저축은행,e-보다회전정기예금,"인터넷,스마트폰",1. 1개월이내 : 만기시점 동일상품 신규 약정금리 / 2. 1개월초과 : 연 0.1%,인터넷뱅킹 전용상품,제한없음,예금가입금액 10만원이상,20241218,
모아저축은행,정기예금,영업점,1. 만기 후 1개월 이내 : 당초 약정이율과 만기시점 동일상품 동일기간제 금리 중 낮은 금리 / 2. 만기 후 1개월 초과 : 신규일 시점의 보통예금 이율,없음,제한없음,1인당 가입금액 : 10만원 이상,20241211,
모아저축은행,e-모아 정기예금,"인터넷,스마트폰",1. 만기 후 1개월 이내 : 당초 약정이율과 만기시점 동일상품 동일기간제 금리 중 낮은 금리 / 2. 만기 후 1개월 초과 : 신규일 시점의 보통예금 이율,없음,제한없음,1인당 가입금액 : 10만원 이상,20241211,
모아저축은행,회전 정기예금,영업점,1. 만기 후 1개월 이내 : 당초 약정이율과 만기시점 동일상품 동일기간제 금리 중 낮은 금리 / 2. 만기 후 1개월 초과 : 신규일 시점의 보통예금 이율,없음,제한없음,1인당 가입금액 : 10만원 이상,20241128,
모아저축은행,e-회전 정기예금,"인터넷,스마트폰",1. 만기 후 1개월 이내 : 당초 약정이율과 만기시점 동일상품 동일기간제 금리 중 낮은 금리 / 2. 만기 후 1개월 초과 : 신규일 시점의 보통예금 이율,없음,제한없음,1인당 가입금액 : 10만원 이상,20241128,
모아저축은행,앱전용 회전 정기예금,스마트폰,"- 만기 후 1개월 이내 : 당초 약정이율과 만기시점 동일상품 동일기간제 금리 중 낮은 금리
- 만기 후 1개월 초과 : 신규일 시점의 보통예금 이율",없음,제한없음,1인당 가입금액 : 10만원 이상,20241128,
모아저축은행,앱전용 6개월 회전 정기예금,스마트폰,"- 만기 후 1개월 이내 : 당초 약정이율과 만기시점 동일상품 동일기간제 금리 중 낮은 금리
- 만기 후 1개월 초과 : 신규일 시점의 보통예금 이율",없음,제한없음,1인당 가입금액 : 10만원 이상,20241211,
대백저축은행,정기예금,영업점,"1개월이내-약정이율과 현행이율중 낮은이율
1개월 초과-보통예금이율(0.2%)",없음,제한없음,해당없음,20241204,
대백저축은행,애플정기예금,"인터넷,스마트폰","1개월이내-약정이율과 현행이율중 낮은이율
1개월 초과-보통예금이율(0.2%)",없음,제한없음,해당없음,20241204,
유니온상호저축은행,정기예금,영업점,"* 1개월 이내 : 약정이율과 현행이율 중에 낮은 금리

* 1개월 초과 : 보통예금 이율",없음,제한없음,"2019년 7월 1일 이후 신규분
*1개월미만 :계약일의 보통예금 이율
*1개월~3개월 미만 :약정이율의 50%
*3개월~6개월 미만 :약정이율의 55%
* 6개월~24개월 미만 :약정이율의 60%
* 24개월 이상 :약정이율의 70%",20241126,
유니온상호저축은행,e-정기예금,"인터넷,스마트폰","* 1개월 이내 : 약정이율과 현행이율 중에 낮은 금리

* 1개월 초과 : 보통예금 이율",없음,제한없음,"2019년 7월 1일 이후 신규분
*1개월미만 :계약일의 보통예금 이율
*1개월~3개월 미만 :약정이율의 50%
*3개월~6개월 미만 :약정이율의 55%
* 6개월~24개월 미만 :약정이율의 60%
* 24개월 이상 :약정이율의 70%",20241220,
엠에스상호저축은행,정기예금,영업점,"- 1개월내 : 당초 약정금리와 당초 약정기간에 해당하는 현행금리 중 낮은 금리
- 1개월이후 : 보통예금이자율",없음,제한없음,해당없음,20241205,
엠에스상호저축은행,e-정기예금,"인터넷,스마트폰","- 1개월내 : 당초 약정금리와 당초 약정기간에 해당하는 현행금리 중 낮은 금리
- 1개월이후 : 보통예금이자율",없음,인터넷뱅킹 및 스마트폰 뱅킹 신청자,해당없음,20241205,
안국저축은행,정기예금,영업점,"1.만기후 1개월 이내 : 신규시점 해당 정기예금 이율 적용 (단, 신규시점이율과 만기시점이율을 비교하여 낮은금리적용), 만기후 1개월 이후 : 보통예금 이율",없음,제한없음,없음,20241211,
안국저축은행,e-정기예금,"인터넷,스마트폰","1.만기후 1개월 이내 : 신규시점 해당 정기예금 이율 적용 (단, 신규시점이율과 만기시점이율을 비교하여 낮은금리적용), 만기후 1개월 이후 : 보통예금 이율",없음,제한없음,없음,20241211,
안국저축은행,정기예금(비대면),스마트폰,"1.만기후 1개월 이내 : 신규시점 해당 정기예금 이율 적용 (단, 신규시점이율과 만기시점이율을 비교하여 낮은금리적용), 만기후 1개월 이후 : 보통예금 이율",없음,제한없음,없음,20241211,
남양저축은행,정기예금,영업점,"만기 후 한 달까지 약정금리-현행금리 비교하여 낮은 금리 적용, 이후 0.1%",없음,제한없음,"중도해지 이율 : 1개월미만 : 계약일의 보통예금 금리, 1개월이상 6개월미만 : 약정이율의 50%, 6개월이상 12개월미만 : 약정이율의 55%. 12개월 이상 : 약정이율의 65%",20241125,
남양저축은행,e-정기예금,"인터넷,스마트폰","만기 후 한 달까지 약정금리-현행금리 비교하여 낮은 금리 적용, 이후 0.1%",없음,제한없음,"중도해지 이율 : 1개월미만 : 계약일의 보통예금 금리, 1개월이상 6개월미만 : 약정이율의 50%, 6개월이상 12개월미만 : 약정이율의 55%. 12개월 이상 : 약정이율의 65%",20241125,
남양저축은행,비대면-정기예금,스마트폰,"만기 후 한 달까지 약정금리-현행금리 비교하여 낮은 금리 적용, 이후 0.1%",없음,"만19세이상 내국인 개인고객, 본인 스마트폰 소지자, 신분증(주민등록증 또는 운전면허증)소지자, 미국인 납세자에 해당하지 않는 고객","중도해지 이율 : 1개월미만 : 계약일의 보통예금 금리, 1개월이상 6개월미만 : 약정이율의 50%, 6개월이상 12개월미만 : 약정이율의 55%. 12개월 이상 : 약정이율의 65%",20241125,
부림저축은행,정기예금,영업점,"- 만기후 1개월 이내 : 가입당시 약정금리와 현재 금리 비교 후 낮은금리
- 만기후 1개월 초과 : 연 0.25%",없음,개인 및 법인고객,.,20241219,
부림저축은행,톡톡정기예금(비대면),"인터넷,스마트폰","- 만기후 1개월 이내 : 가입당시 약정금리와 현재 금리 비교 후 낮은금리
- 만기후 1개월 초과 : 연 0.25%",없음,개인고객,.,20241219,
키움저축은행,정기예금,영업점,"-만기후 1개월 이내
당초 약정금리 또는 만기시 동일상품 동일계약기간의 신규 약정금리 중 낮은 이율
-만기후 1개월 초과
연 0.2% (신규시점의 보통예금 금리)
※2019년 7월 1일 이후 신규 가입 계좌에 한함.",없음,제한없음,없음,20241217,
키움저축은행,"e-plus정기예금 (인터넷뱅킹,스마트뱅킹)","인터넷,스마트폰","-만기후 1개월 이내
당초 약정금리 또는 만기시 동일상품 동일계약기간의 신규 약정금리 중 낮은 이율
-만기후 1개월 초과
연 0.2% (신규시점의 보통예금 금리)
※2019년 7월 1일 이후 신규 가입 계좌에 한함.",없음,제한없음,인터넷 가입,20241217,
키움저축은행,SB톡톡정기예금 (비대면),스마트폰,"-만기후 1개월 이내
당초 약정금리 또는 만기시 동일상품 동일계약기간의 신규 약정금리 중 낮은 이율
-만기후 1개월 초과
연 0.2% (신규시점의 보통예금 금리)
※2019년 7월 1일 이후 신규 가입 계좌에 한함.",없음,제한없음,비대면,20241217,
키움저축은행,정기예금(분당지점 창구전용),영업점,"-만기후 1개월 이내
당초 약정금리 또는 만기시 동일상품 동일계약기간의 신규 약정금리 중 낮은 이율
-만기후 1개월 초과
연 0.2% (신규시점의 보통예금 금리)
※2019년 7월 1일 이후 신규 가입 계좌에 한함.",없음,분당지점방문고객(타지점불가),없음,20241217,
키움저축은행,회전식정기예금 (1년단위 변동금리상품),영업점,"-만기후 1개월 이내
최종회전금리 또는 만기시 동일상품 신규금리 중 낮은 이율
-만기후 1개월 초과
연 0.2% (신규시점의 보통예금 금리)","*회전시점 고시된 12개월 정기예금금리 + 우대금리 0.1%로 자동연장되는 변동금리상품(1년단위 확정금리). 중도해지시 충족한 회전기간은 약정이율, 미충족기간에 대해서만 중도해지 이율 적용.",제한없음,"*계약기간
36개월
(회전주기12개월)",20241217,
키움저축은행,비대면 회전식정기예금 (1년단위 변동금리상품),"인터넷,스마트폰","-만기후 1개월 이내
최종회전금리 또는 만기시 동일상품 신규금리 중 낮은 이율
-만기후 1개월 초과
연 0.2% (신규시점의 보통예금 금리)","*회전시점 고시된 12개월 정기예금금리 + 우대금리 0.1%로 자동연장되는 변동금리상품(1년단위 확정금리). 중도해지시 충족한 회전기간은 약정이율, 미충족기간에 대해서만 중도해지 이율 적용.",제한없음,"*계약기간
36개월
(회전주기12개월)",20241217,
키움저축은행,SB톡톡 회전식정기예금(비대면) (1년단위 변동금리상품),스마트폰,"-만기후 1개월 이내
최종회전금리 또는 만기시 동일상품 신규금리 중 낮은 이율
-만기후 1개월 초과
연 0.2% (신규시점의 보통예금 금리)","*회전시점 고시된 12개월 정기예금금리 + 우대금리 0.1%로 자동연장되는 변동금리상품(1년단위 확정금리). 중도해지시 충족한 회전기간은 약정이율, 미충족기간에 대해서만 중도해지 이율 적용.",제한없음,"*계약기간
36개월
(회전주기12개월)",20241217,
키움저축은행,회전식정기예금 (1년단위 변동금리상품)(분당지점 창구전용),영업점,"-만기후 1개월 이내
최종회전금리 또는 만기시 동일상품 신규금리 중 낮은 이율
-만기후 1개월 초과
연 0.2% (신규시점의 보통예금 금리)","*회전시점 고시된 12개월 정기예금금리 + 우대금리 0.1%로 자동연장되는 변동금리상품(1년단위 확정금리). 중도해지시 충족한 회전기간은 약정이율, 미충족기간에 대해서만 중도해지 이율 적용.",분당지점방문고객(타지점불가),"*계약기간
36개월
(회전주기12개월)",20241217,
키움저축은행,회전식정기예금 (6개월단위 변동금리상품) (분당지점 창구전용),영업점,"-만기후 1개월 이내
최종회전금리 또는 만기시 동일상품 신규금리 중 낮은 이율
-만기후 1개월 초과
연 0.2% (신규시점의 보통예금 금리)","*회전시점 고시된 6개월 정기예금금리로 자동연장되는 변동금리상품(6개월단위 확정금리). 중도해지시 충족한 회전기간은 약정이율, 미충족기간에 대해서만 중도해지 이율 적용.",분당지점방문고객(타지점불가),"*계약기간
36개월
(회전주기
6개월)",20241217,
키움저축은행,회전식정기예금 (6개월단위 변동금리상품),영업점,"-만기후 1개월 이내
최종회전금리 또는 만기시 동일상품 신규금리 중 낮은 이율
-만기후 1개월 초과
연 0.2% (신규시점의 보통예금 금리)","*회전시점 고시된 6개월 정기예금금리로 자동연장되는 변동금리상품(6개월단위 확정금리). 중도해지시 충족한 회전기간은 약정이율, 미충족기간에 대해서만 중도해지 이율 적용.",제한없음,"*계약기간
36개월
(회전주기
6개월)",20241217,
키움저축은행,비대면 회전식정기예금 (6개월단위 변동금리상품),"인터넷,스마트폰","-만기후 1개월 이내
최종회전금리 또는 만기시 동일상품 신규금리 중 낮은 이율
-만기후 1개월 초과
연 0.2% (신규시점의 보통예금 금리)","*회전시점 고시된 6개월 정기예금금리로 자동연장되는 변동금리상품(6개월단위 확정금리). 중도해지시 충족한 회전기간은 약정이율, 미충족기간에 대해서만 중도해지 이율 적용.",제한없음,"*계약기간
36개월
(회전주기
6개월)",20241217,
키움저축은행,SB톡톡 회전식정기예금 (비대면) (6개월단위 변동금리상품),스마트폰,"-만기후 1개월 이내
최종회전금리 또는 만기시 동일상품 신규금리 중 낮은 이율
-만기후 1개월 초과
연 0.2% (신규시점의 보통예금 금리)","*회전시점 고시된 6개월 정기예금금리로 자동연장되는 변동금리상품(6개월단위 확정금리). 중도해지시 충족한 회전기간은 약정이율, 미충족기간에 대해서만 중도해지 이율 적용.",제한없음,"*계약기간
36개월
(회전주기
6개월)",20241217,
삼정저축은행,정기예금,영업점,"-1개월이내:계약일 당시 약정이율과 계약 만기시 약정이율 중 낮은이율
-1개월초과:보통예금 이율","재예치 우대:0.1%
(1년이상 예치한 정기예.적금을 15개월이상 18개월이하 정기예금으로 재예치시 적용)
* 15개월~18개월 3.4% (만기연장 우대금리 3.5%)",제한없음,없음,20241205,
삼정저축은행,e-정기예금,인터넷,"-1개월이내:계약일 당시 약정이율과 계약 만기시 약정이율 중 낮은이율
-1개월초과:보통예금 이율",없음,제한없음,없음,20241205,
삼정저축은행,s-정기예금,스마트폰,"-1개월이내:계약일 당시 약정이율과 계약 만기시 약정이율 중 낮은이율
-1개월초과:보통예금 이율",없음,제한없음,없음,20241205,
평택저축은행,정기예금,"영업점,인터넷,스마트폰",보통예금이율,없음,제한없음,보호금융상품 1인당 최고 5천만원,20241220,
평택저축은행,정기예금-인터넷,"영업점,인터넷,스마트폰",보통예금이율,없음,제한없음,보호금융상품 1인당 최고 5천만원,20241220,
평택저축은행,정기예금-모바일,"영업점,인터넷,스마트폰",보통예금이율,없음,제한없음,보호금융상품 1인당 최고 5천만원,20241220,
안양저축은행,정기예금,"영업점,인터넷","만기 후 한 달까지 약정금리-현행금리 비교하여 낮은 금리 적용, 이후 0.1%",①가입기간 12개월 이상이면서 계약금액 10억이상(개인/법인/단체/가족합산),제한없음,"중도해지이율:
1개월미만: 계약일의 보통예금 금리,
1개월이상 6개월미만: 약정이율의 50%,
6개월이상 12개월미만: 약정이율의 60%, 12개월이상: 약정이율의 70%",20241218,
안양저축은행,비대면-정기예금,스마트폰,"만기 후 한 달까지 약정금리-현행금리 비교하여 낮은 금리 적용, 이후 0.1%",없음,"만19세이상 내국인 개인고객, 본인 스마트폰 소지자, 신분증(주민등록증 또는 운전면허증)소지자, 최근 30일이내 전은행에서 입출금통장 개설내역이 없는 고객, 미국인납세자에 해당하지 않는 고객","중도해지이율:
1개월미만: 계약일의 보통예금 금리,
1개월이상 6개월미만: 약정이율의 50%,
6개월이상 12개월미만: 약정이율의 60%, 12개월이상: 약정이율의 70%",20241218,
영진저축은행,정기예금,영업점,"만기후 1개월이내 해지시 약정이율 적용(가입시점 이율과 만기시점 이율 중 낮은 이율)
만기후 1개월이후 해지시 보통예금금리(0.5%)적용","계약기간이 1년이상인 정기예금, 정기적금, 신용부금 만기수령액 이하를 1년 이상으로 정기예금 재예치시",내·외국인 대상,10만원이상 가입가능,20241221,
영진저축은행,e-정기예금,인터넷,"만기후 1개월이내 해지시 약정이율 적용(가입시점 이율과 만기시점 이율 중 낮은 이율)
만기후 1개월이후 해지시 보통예금금리(0.5%)적용",없음,내·외국인 대상,10만원이상 가입가능,20241221,
영진저축은행,m-정기예금,스마트폰,"만기후 1개월이내 해지시 약정이율 적용(가입시점 이율과 만기시점 이율 중 낮은 이율)
만기후 1개월이후 해지시 보통예금금리(0.5%)적용",없음,내·외국인 대상,10만원이상 가입가능,20241221,
영진저축은행,SB톡톡-정기예금,스마트폰,"만기후 1개월이내 해지시 약정이율 적용(가입시점 이율과 만기시점 이율 중 낮은 이율)
만기후 1개월이후 해지시 보통예금금리(0.5%)적용",없음,내·외국인 대상,10만원이상 가입가능,20241221,
융창저축은행,정기예금,영업점,"- 만기 후 1개월 이하: 예금 계좌의 약정이율과 만기시점 해당상품 신규약정이율 중 낮은 이율 적용
- 만기 후 1개월 초과:0.2%",없음,제한없음,없음,20241202,
융창저축은행,e정기예금,"인터넷,스마트폰","- 만기 후 1개월 이하: 예금 계좌의 약정이율과 만기시점 해당상품 신규약정이율 중 낮은 이율 적용
- 만기 후 1개월 초과:0.2%",없음,제한없음,없음,20241202,
융창저축은행,SB톡톡 정기예금,스마트폰,"- 만기 후 1개월 이하: 예금 계좌의 약정이율과 만기시점 해당상품 신규약정이율 중 낮은 이율 적용
- 만기 후 1개월 초과:0.2%",없음,제한없음,없음,20241202,
융창저축은행,회전식 정기예금 (변동금리),영업점,"- 만기 후 1개월 이하: 예금 계좌의 약정이율과 만기시점 해당상품 신규약정이율 중 낮은 이율 적용
- 만기 후 1개월 초과:0.2%",없음,제한없음,"*변동금리상품-가입기간은 36개월이며, 가입 후 매1년 회전주기 단위로 변동금리 적용",20241202,
융창저축은행,e회전식 정기예금 (변동금리),"인터넷,스마트폰","- 만기 후 1개월 이하: 예금 계좌의 약정이율과 만기시점 해당상품 신규약정이율 중 낮은 이율 적용
- 만기 후 1개월 초과:0.2%",없음,제한없음,"*변동금리상품-가입기간은 36개월이며, 가입 후 매1년 회전주기 단위로 변동금리 적용",20241202,
융창저축은행,SB톡톡 회전식 정기예금 (변동금리),스마트폰,"- 만기 후 1개월 이하: 예금 계좌의 약정이율과 만기시점 해당상품 신규약정이율 중 낮은 이율 적용
- 만기 후 1개월 초과:0.2%",없음,제한없음,"*변동금리상품-가입기간은 36개월이며, 가입 후 매1년 회전주기 단위로 변동금리 적용",20241202,
세람상호저축은행,정기예금,영업점,"1개월내 : 약정금리와 해당 계약기간의 현행금리 중 낮은 금리
1개월 초과: 보통예금 금리",없음,제한없음,없음,20241223,
세람상호저축은행,정기예금(비대면),"인터넷,스마트폰","1개월내 : 약정금리와 해당 계약기간의 현행금리 중 낮은 금리
1개월 초과: 보통예금 금리",없음,제한없음,없음,20241223,
세람상호저축은행,회전식 정기예금(변동금리),영업점,"1개월내 : 약정금리와 해당 계약기간의 현행금리 중 낮은 금리
1개월 초과: 보통예금 금리",없음,제한없음,"1. 계약기간 60개월(회전주기 12개월)
2. 변동금리 정기예금
3. 약정한 회전주기(12개월)로 계약기간 이내에서 이자율이 변동되는 상품",20241223,
세람상호저축은행,"회전식 정기예금(비대면, 변동금리)","인터넷,스마트폰","1개월내 : 약정금리와 해당 계약기간의 현행금리 중 낮은 금리
1개월 초과: 보통예금 금리",없음,제한없음,"1. 계약기간 60개월(회전주기 12개월)
2. 변동금리 정기예금
3. 약정한 회전주기(12개월)로 계약기간 이내에서 이자율이 변동되는 상품",20241223,
세람상호저축은행,자동연장 정기예금,영업점,"1개월내 : 약정금리와 해당 계약기간의 현행금리 중 낮은 금리
1개월 초과: 0.10% (보통예금 이율)",없음,제한없음,없음,20241223,
세람상호저축은행,e-정기예금,"인터넷,스마트폰","1개월내 : 약정금리와 해당 계약기간의 현행금리 중 낮은 금리
1개월 초과: 보통예금 금리",없음,제한없음,없음,20241223,
페퍼저축은행,정기예금,영업점,"* 만기 후 1개월 이내 기간 : 당초 약정금리 또는 만기시 동일상품 동일계약기간의 신규 약정금리 중 낮은이율
* 만기 후 1개월 초과 이후 기간 : 보통예금 이율(연 0.50%) 적용",우대사항없음,제한없음,최소가입금액: 10만원 이상,20241202,
페퍼저축은행,회전정기예금 (1년단위 변동금리상품) (창구전용),영업점,"* 만기 후 1개월 이내 기간 : 최종 회전이율과 만기 시점 동일 상품 동일 계약기간의 신규 약정금리 중 낮은 금리를 적용
* 만기 후 1개월 초과 이후 기간 : 보통예금 이율(연 0.50%) 적용",*회전정기예금(회전주기 12개월): 매 1년마다 해당시점 정기예금 1년 금리 +0.1%로 자동연장되는 변동금리 상품(1년 단위 확정금리). 매 1년 경과 후 중도해지시 회전일로부터 1년 경과 시점까지는 정상이율 적용.,제한없음,최소가입금액: 10만원 이상,20241202,
페퍼저축은행,"회전정기예금 (인터넷, 모바일,비대면) (1년단위 변동금리상품)","인터넷,스마트폰","* 만기 후 1개월 이내 기간 : 최종 회전이율과 만기 시점 동일 상품 동일 계약기간의 신규 약정금리 중 낮은 금리를 적용
* 만기 후 1개월 초과 이후 기간 : 보통예금 이율(연 0.50%) 적용",*회전정기예금(회전주기 12개월): 매 1년마다 해당시점 정기예금 1년 금리 +0.1%로 자동연장되는 변동금리 상품(1년 단위 확정금리). 매 1년 경과 후 중도해지시 회전일로부터 1년 경과 시점까지는 정상이율 적용.,제한없음,최소가입금액: 10만원 이상,20241202,
페퍼저축은행,"정기예금 (인터넷, 모바일,비대면)","인터넷,스마트폰","* 만기 후 1개월 이내 기간 : 당초 약정금리 또는 만기시 동일상품 동일계약기간의 신규 약정금리 중 낮은이율
* 만기 후 1개월 초과 이후 기간 : 보통예금 이율(연 0.50%) 적용",우대사항없음,제한없음,최소가입금액: 10만원 이상,20241202,
페퍼저축은행,페퍼루 중도해지 Free정기예금 ★추천상품★,영업점,"* 만기 후 1개월 이내 기간 : 당초 약정금리 또는 만기시 동일상품 동일계약기간의 신규 약정금리 중 낮은이율
* 만기 후 1개월 초과 이후 기간 : 보통예금 이율(연 0.50%) 적용",우대사항없음,제한없음,최소가입금액: 10만원 이상,20241202,
페퍼저축은행,"페퍼루 중도해지 Free정기예금(인터넷,모바일,비대면) ★추천상품★","인터넷,스마트폰","* 만기 후 1개월 이내 기간 : 당초 약정금리 또는 만기시 동일상품 동일계약기간의 신규 약정금리 중 낮은이율
* 만기 후 1개월 초과 이후 기간 : 보통예금 이율(연 0.50%) 적용",우대사항없음,제한없음,최소가입금액: 10만원 이상,20241202,
페퍼저축은행,부천사랑 회전정기예금 (1년단위 변동금리상품) (부천지점 창구전용),영업점,"* 만기 후 1개월 이내 기간 : 최종 회전이율과 만기 시점 동일 상품 동일 계약기간의 신규 약정금리 중 낮은 금리를 적용
* 만기 후 1개월 초과 이후 기간 : 보통예금 이율(연 0.50%) 적용",*매 1년마다 해당시점 정기예금 1년 금리 +0.1%로 자동연장되는 변동금리 상품(1년 단위 확정금리). 매 1년 경과 후 중도해지시 회전일로부터 1년 경과 시점까지는 정상이율 적용.,제한없음,최소가입금액: 10만원 이상,20241202,
페퍼저축은행,AI페퍼스배구사랑 회전정기예금 (1년단위 변동금리상품) (광주 및 전주지점 창구전용),영업점,"* 만기 후 1개월 이내 기간 : 최종 회전이율과 만기 시점 동일 상품 동일 계약기간의 신규 약정금리 중 낮은 금리를 적용
* 만기 후 1개월 초과 이후 기간 : 보통예금 이율(연 0.50%) 적용",*매 1년마다 해당시점 정기예금 1년 금리 +0.1%로 자동연장되는 변동금리 상품(1년 단위 확정금리). 매 1년 경과 후 중도해지시 회전일로부터 1년 경과 시점까지는 정상이율 적용.,제한없음,최소가입금액: 10만원 이상,20241202,
페퍼저축은행,페퍼스 회전정기예금 (디지털페퍼앱) (1년단위 변동금리상품),스마트폰,"* 만기 후 1개월 이내 기간 : 최종 회전이율과 만기 시점 동일 상품 동일 계약기간의 신규 약정금리 중 낮은 금리를 적용
* 만기 후 1개월 초과 이후 기간 : 보통예금 이율(연 0.50%) 적용",*매 1년마다 해당시점 정기예금 1년 금리 +0.1%로 자동연장되는 변동금리 상품(1년 단위 확정금리). 매 1년 경과 후 중도해지시 회전일로부터 1년 경과 시점까지는 정상이율 적용.,실명의 개인,"비대면 전용상품
최소가입금액: 10만원 이상",20241202,
페퍼저축은행,페퍼스 정기예금 (디지털페퍼앱),스마트폰,"* 만기 후 1개월 이내 기간 : 당초 약정금리 또는 만기시 동일상품 동일계약기간의 신규 약정금리 중 낮은이율
* 만기 후 1개월 초과 이후 기간 : 보통예금 이율(연 0.50%) 적용",우대사항없음,실명의 개인,"비대면 전용상품
최소가입금액: 10만원 이상",20241202,
페퍼저축은행,페퍼스 중도해지Free정기예금(디지털페퍼앱) ★추천상품★,스마트폰,"* 만기 후 1개월 이내 기간 : 당초 약정금리 또는 만기시 동일상품 동일계약기간의 신규 약정금리 중 낮은이율
* 만기 후 1개월 초과 이후 기간 : 보통예금 이율(연 0.50%) 적용",우대사항없음,실명의 개인,"비대면 전용상품
최소가입금액: 10만원 이상",20241202,
페퍼저축은행,평촌사랑 회전정기예금 (1년단위 변동금리상품) (평촌지점 창구전용),영업점,"* 만기 후 1개월 이내 기간 : 최종 회전이율과 만기 시점 동일 상품 동일 계약기간의 신규 약정금리 중 낮은 금리를 적용
* 만기 후 1개월 초과 이후 기간 : 보통예금 이율(연 0.50%) 적용",*매 1년마다 해당시점 정기예금 1년 금리 +0.1%로 자동연장되는 변동금리 상품(1년 단위 확정금리). 매 1년 경과 후 중도해지시 회전일로부터 1년 경과 시점까지는 정상이율 적용.,제한없음,최소가입금액: 10만원 이상,20241202,
페퍼저축은행,페퍼스 6개월회전정기예금(디지털페퍼앱) (6개월 단위 변동금리상품),스마트폰,"* 만기 후 1개월 이내 기간 : 최종 회전이율과 만기 시점 동일 상품 동일 계약기간의 신규 약정금리 중 낮은 금리를 적용
* 만기 후 1개월 초과 이후 기간 : 보통예금 이율(연 0.50%) 적용",우대사항없음,제한없음,최소가입금액: 10만원 이상,20241202,
페퍼저축은행,6개월 회전정기예금 (6개월 단위 변동금리상품),영업점,"* 만기 후 1개월 이내 기간 : 최종 회전이율과 만기 시점 동일 상품 동일 계약기간의 신규 약정금리 중 낮은 금리를 적용
* 만기 후 1개월 초과 이후 기간 : 보통예금 이율(연 0.50%) 적용",우대사항없음,제한없음,최소가입금액: 10만원 이상,20241202,
페퍼저축은행,"6개월 회전정기예금 (인터넷, 모바일,비대면) (6개월 단위 변동금리상품)","인터넷,스마트폰","* 만기 후 1개월 이내 기간 : 최종 회전이율과 만기 시점 동일 상품 동일 계약기간의 신규 약정금리 중 낮은 금리를 적용
* 만기 후 1개월 초과 이후 기간 : 보통예금 이율(연 0.50%) 적용",우대사항없음,제한없음,최소가입금액: 10만원 이상,20241202,
상상인저축은행,파킹통장 369 정기예금,"영업점,인터넷,스마트폰","[2019년 7월 1일 이전 신규] 연 0.1% (세전) [2019년 7월 1일 신규분부터]
- 1개월 이내 : 당초 약정이율과 만기시점 해당상품 신규약정이율 중 낮은 이율
- 1개월 초과 : 연 0.1% (세전)",없음,제한없음,"- 24개월 복리식 상품, 개설시 계약기간 입력란에 24개월을 입력
[중도해지이율]
- 1개월 미만 : 연1.00%
- 1개월 이상 : 연1.51%
- 3개월 이상 : 연1.91%
- 6개월 이상 : 연2.01%
- 9개월 이상 : 연2.11%",20220822,
상상인저축은행,파킹통장 369 정기예금E,"인터넷,스마트폰","[2019년 7월 1일 이전 신규]
연 0.1% (세전)

[2019년 7월 1일 신규분부터]
- 1개월 이내 : 당초 약정이율과 만기시점 해당상품 신규약정이율 중 낮은 이율
- 1개월 초과 : 연 0.1% (세전)",없음,제한없음,없음,20230508,
상상인저축은행,비대면 파킹통장 369 정기예금,스마트폰,"[2019년 7월 1일 이전 신규]
연 0.1% (세전)

[2019년 7월 1일 신규분부터]
- 1개월 이내 : 당초 약정이율과 만기시점 해당상품 신규약정이율 중 낮은 이율
- 1개월 초과 : 연 0.1% (세전)",없음,제한없음,없음,20230508,
상상인저축은행,뱅뱅뱅 파킹통장 369 정기예금,스마트폰,"[2019년 7월 1일 이전 신규] 연 0.1% (세전) [2019년 7월 1일 신규분부터]
- 1개월 이내 : 당초 약정이율과 만기시점 해당상품 신규약정이율 중 낮은 이율
- 1개월 초과 : 연 0.1% (세전)",없음,제한없음,"- 24개월 복리식 상품, 개설시 계약기간 입력란에 24개월을 입력
[중도해지이율]
- 1개월 미만 : 연1.00%
- 1개월 이상 : 연1.61%
- 3개월 이상 : 연2.01%
- 6개월 이상 : 연2.11%
- 9개월 이상 : 연2.21%",20220822,
상상인저축은행,뱅뱅뱅369회전정기예금,스마트폰,만기후 1개월 이내 : 최종 회전이율과 만기시점 동일상품 동일계약기간의 신규약정이율 중 낮은 이율 만기후 1개월 초과 : 연 0.1%(세전),없음,제한없음,없음,20241111,
상상인저축은행,369회전정기예금,영업점,만기후 1개월 이내 : 최종 회전이율과 만기시점 동일상품 동일계약기간의 신규약정이율 중 낮은 이율 만기후 1개월 초과 : 연 0.1%(세전),없음,제한없음,없음,20241111,
상상인저축은행,369회전정기예금E,"인터넷,스마트폰",만기후 1개월 이내 : 최종 회전이율과 만기시점 동일상품 동일계약기간의 신규약정이율 중 낮은 이율 만기후 1개월 초과 : 연 0.1%(세전),없음,제한없음,없음,20241111,
상상인저축은행,비대면369회전정기예금,스마트폰,만기후 1개월 이내 : 최종 회전이율과 만기시점 동일상품 동일계약기간의 신규약정이율 중 낮은 이율 만기후 1개월 초과 : 연 0.1%(세전),없음,제한없음,없음,20241111,
상상인저축은행,비대면369회전정기예금,스마트폰,만기후 1개월 이내 : 최종 회전이율과 만기시점 동일상품 동일계약기간의 신규약정이율 중 낮은 이율 만기후 1개월 초과 : 연 0.1%(세전),없음,제한없음,없음,20230508,
상상인저축은행,뱅뱅뱅 회전정기예금,스마트폰,"신규가입일 당시 영업점 및 인터넷 홈페이지에 고시한 경과기간별 만기후이자율 적용
-1개월 이내: 최종 회전이율과 만기시점 동일상품 동일계약기간의 신규약정금리 중 낮은 금리를 적용
-1개월 초과: 보통예금 이율: 연0.1%(세전)",없음,제한없음,없음,20241223,
상상인저축은행,회전정기예금,영업점,"신규가입일 당시 영업점 및 인터넷 홈페이지에 고시한 경과기간별 만기후이자율 적용
-1개월 이내: 최종 회전이율과 만기시점 동일상품 동일계약기간의 신규약정금리 중 낮은 금리를 적용
-1개월 초과: 보통예금 이율: 연0.1%(세전)",없음,제한없음,없음,20241223,
상상인저축은행,회전E-정기예금,"인터넷,스마트폰","신규가입일 당시 영업점 및 인터넷 홈페이지에 고시한 경과기간별 만기후이자율 적용
-1개월 이내: 최종 회전이율과 만기시점 동일상품 동일계약기간의 신규약정금리 중 낮은 금리를 적용
-1개월 초과: 보통예금 이율: 연0.1%(세전)",없음,제한없음,없음,20241223,
상상인저축은행,비대면 회전정기예금,스마트폰,"신규가입일 당시 영업점 및 인터넷 홈페이지에 고시한 경과기간별 만기후이자율 적용
-1개월 이내: 최종 회전이율과 만기시점 동일상품 동일계약기간의 신규약정금리 중 낮은 금리를 적용
-1개월 초과: 보통예금 이율: 연0.1%(세전)",없음,제한없음,없음,20241223,
상상인저축은행,정기예금,영업점,"[2019년 7월 1일 이전 신규]
연 0.1% (세전)

[2019년 7월 1일 신규분부터]
- 1개월 이내 : 당초 약정이율과 만기시점 해당상품 신규약정이율 중 낮은 이율
- 1개월 초과 : 연 0.1% (세전)",없음,제한없음,없음,20241223,
상상인저축은행,정기예금-단기,영업점,"[2019년 7월 1일 이전 신규]
연 0.1% (세전)

[2019년 7월 1일 신규분부터]
- 1개월 이내 : 당초 약정이율과 만기시점 해당상품 신규약정이율 중 낮은 이율
- 1개월 초과 : 연 0.1% (세전)",없음,제한없음,없음,20241128,
상상인저축은행,e-정기예금,"인터넷,스마트폰","[2019년 7월 1일 이전 신규]
연 0.1% (세전)

[2019년 7월 1일 신규분부터]
- 1개월 이내 : 당초 약정이율과 만기시점 해당상품 신규약정이율 중 낮은 이율
- 1개월 초과 : 연 0.1% (세전)",없음,제한없음,없음,20241223,
상상인저축은행,e-정기예금-단기,"인터넷,스마트폰","[2019년 7월 1일 이전 신규]
연 0.1% (세전)

[2019년 7월 1일 신규분부터]
- 1개월 이내 : 당초 약정이율과 만기시점 해당상품 신규약정이율 중 낮은 이율
- 1개월 초과 : 연 0.1% (세전)",없음,제한없음,없음,20241128,
상상인저축은행,비대면 정기예금,스마트폰,"[2019년 7월 1일 이전 신규]
연 0.1% (세전)

[2019년 7월 1일 신규분부터]
- 1개월 이내 : 당초 약정이율과 만기시점 해당상품 신규약정이율 중 낮은 이율
- 1개월 초과 : 연 0.1% (세전)",없음,제한없음,없음,20241223,
상상인저축은행,비대면 정기예금-단기,스마트폰,"[2019년 7월 1일 이전 신규]
연 0.1% (세전)

[2019년 7월 1일 신규분부터]
- 1개월 이내 : 당초 약정이율과 만기시점 해당상품 신규약정이율 중 낮은 이율
- 1개월 초과 : 연 0.1% (세전)",없음,제한없음,없음,20241128,
상상인저축은행,뱅뱅뱅 정기예금,스마트폰,"[2019년 7월 1일 이전 신규]
연 0.1% (세전)

[2019년 7월 1일 신규분부터]
- 1개월 이내 : 당초 약정이율과 만기시점 해당상품 신규약정이율 중 낮은 이율
- 1개월 초과 : 연 0.1% (세전)",없음,제한없음,없음,20241223,
상상인저축은행,뱅뱅뱅 정기예금-단기,스마트폰,"[2019년 7월 1일 이전 신규]
연 0.1% (세전)

[2019년 7월 1일 신규분부터]
- 1개월 이내 : 당초 약정이율과 만기시점 해당상품 신규약정이율 중 낮은 이율
- 1개월 초과 : 연 0.1% (세전)",없음,제한없음,없음,20241128,
상상인저축은행,뱅뱅뱅 9개월 회전정기예금,스마트폰,"신규가입일 당시 영업점 및 인터넷 홈페이지에 고시한 경과기간별 만기후이자율 적용
-1개월 이내: 최종 회전이율과 만기시점 동일상품 동일계약기간의 신규약정금리 중 낮은 금리를 적용
-1개월 초과: 보통예금 이율: 연0.1%(세전)",없음,제한없음,없음,20241223,
상상인저축은행,9개월 회전정기예금,영업점,"신규가입일 당시 영업점 및 인터넷 홈페이지에 고시한 경과기간별 만기후이자율 적용
-1개월 이내: 최종 회전이율과 만기시점 동일상품 동일계약기간의 신규약정금리 중 낮은 금리를 적용
-1개월 초과: 보통예금 이율: 연0.1%(세전)",없음,제한없음,없음,20241223,
상상인저축은행,e-9개월 회전정기예금,"인터넷,스마트폰","신규가입일 당시 영업점 및 인터넷 홈페이지에 고시한 경과기간별 만기후이자율 적용
-1개월 이내: 최종 회전이율과 만기시점 동일상품 동일계약기간의 신규약정금리 중 낮은 금리를 적용
-1개월 초과: 보통예금 이율: 연0.1%(세전)",없음,제한없음,없음,20241223,
상상인저축은행,비대면 9개월 회전정기예금,스마트폰,"신규가입일 당시 영업점 및 인터넷 홈페이지에 고시한 경과기간별 만기후이자율 적용
-1개월 이내: 최종 회전이율과 만기시점 동일상품 동일계약기간의 신규약정금리 중 낮은 금리를 적용
-1개월 초과: 보통예금 이율: 연0.1%(세전)",없음,제한없음,없음,20241223,
한화저축은행,한화가족사랑정기예금,영업점,"- 만기 후 1개월 이하: 만기일 현재 금리 적용
- 만기 후 1개월 초과: 보통예금 이율",없음,제한없음,없음,20241209,
한화저축은행,e뱅킹정기예금,"인터넷,스마트폰","- 만기 후 1개월 이하: 만기일 현재 금리 적용
- 만기 후 1개월 초과: 보통예금 이율",없음,"인터넷뱅킹, 스마트폰뱅킹 전용",없음,20241209,
한화저축은행,한화자동연장정기예금,영업점,"- 만기 후 1개월 이하: 만기일 현재 금리 적용
- 만기 후 1개월 초과: 보통예금 이율",없음,제한없음,없음,20241209,
한화저축은행,한화회전정기예금,영업점,"- 만기 후 1개월 이하: 만기일 현재 금리 적용
- 만기 후 1개월 초과: 보통예금 이율",없음,제한없음,없음,20241209,
한화저축은행,한화e-회전정기예금,"인터넷,스마트폰","- 만기 후 1개월 이하: 만기일 현재 금리 적용
- 만기 후 1개월 초과: 보통예금 이율",없음,"인터넷뱅킹, 스마트폰뱅킹 전용",없음,20241209,
한화저축은행,Mymo 정기예금,스마트폰,"- 만기 후 1개월 이하: 만기일 현재 금리 적용
- 만기 후 1개월 초과: 보통예금 이율",없음,자체앱(Mymo) 전용,자체앱(Mymo) 전용,20241209,
한화저축은행,Mymo 회전정기예금,스마트폰,"- 만기 후 1개월 이하: 만기일 현재 금리 적용
- 만기 후 1개월 초과: 보통예금 이율",없음,자체앱(Mymo) 전용,자체앱(Mymo) 전용,20241209,
CK저축은행,"정기예금(인터넷,모바일,비대면)","인터넷,스마트폰",- 만기 후 1개월 이내 : 약정금리 - 만기 후 1개월 초과 : 연 0.1%,없음,제한없음,스마트폰 및 인터넷 전용가입,20241220,
CK저축은행,정기예금(강릉지점),영업점,- 만기 후 1개월 이내 : 약정금리 - 만기 후 1개월 초과 : 연 0.1%,없음,제한없음,없음,20241220,
CK저축은행,정기예금(춘천본점),영업점,- 만기 후 1개월 이내 : 약정금리 - 만기 후 1개월 초과 : 연 0.1%,없음,제한없음,없음,20241220,
대명상호저축은행,정기예금,영업점,"- 만기 후 1개월 이하: 약정금리와 동일한 금리 적용
- 만기 후 1개월 초과: 보통예금이율",없음,누구나가입가능,없음,20241204,
대명상호저축은행,행복플러스 정기예금,영업점,"- 만기 후 1개월 이하: 약정금리와 동일한 금리 적용
- 만기 후 1개월 초과: 보통예금이율",없음,1954년 이전출생자 및 비과세종합저축가입대상자(만64세이상/국가유공자/국민기초생활보장법에의한수급자/장애인/독립유공자과그유족또는가족/고엽제후유증환자 및 5.18민주화운동부상자),없음,20230116,
대명상호저축은행,E-플러스 정기예금,"인터넷,스마트폰","- 만기 후 1개월 이하: 약정금리와 동일한 금리 적용
- 만기 후 1개월 초과: 보통예금이율",없음,누구나가입가능,"인터넷,모바일로 가입가능",20241204,
우리금융저축은행,정기예금,영업점,*만기 후 1개월 이내: 가입 시 약정이율과 만기 시 판매이율 중 낮은금리 적용 *1개월 초과 시 : 연0.3% *2019.07.01. 이후 가입분 부터적용.이전가입분은 연0.3%,-,제한없음,-,20241223,
우리금융저축은행,e-정기예금,"인터넷,스마트폰",*만기 후 1개월 이내: 가입 시 약정이율과 만기 시 판매이율 중 낮은금리 적용 *1개월 초과 시 : 연0.3% *2019.07.01. 이후 가입분 부터적용.이전가입분은 연0.3%,-,제한없음,-,20241223,
우리금융저축은행,회전정기예금,영업점,*만기 후 1개월 이내: 가입 시 약정이율과 만기 시 판매이율 중 낮은금리 적용 *1개월 초과 시 : 연0.3% *2019.07.01. 이후 가입분 부터적용.이전가입분은 연0.3%,-,제한없음,-,20241223,
우리금융저축은행,e-회전정기예금,"인터넷,스마트폰",*만기 후 1개월 이내: 가입 시 약정이율과 만기 시 판매이율 중 낮은금리 적용 *1개월 초과 시 : 연0.3% *2019.07.01. 이후 가입분 부터적용.이전가입분은 연0.3%,-,제한없음,-,20241223,
우리금융저축은행,우리E음정기예금,스마트폰,*만기 후 1개월 이내: 가입 시 약정이율과 만기 시 판매이율 중 낮은금리 적용 *1개월 초과 시 : 연0.3% *2019.07.01. 이후 가입분 부터적용.이전가입분은 연0.3%,우리WON저축은행 앱 전용상품,개인(만19세이상),-,20241223,
청주저축은행,정기예금_본점,영업점,"1개월 이내 : 만기시 동일상품 동일계약기간의 신규 약정금리, 1개월 초과 : 보통예금 이율","대면 재예치시 적용금리 +0.1%p (단, 가입기간 12개월 가입자에 한함)",제한없음,상품 문의 ☎ 043-256-9114,20241216,
청주저축은행,E-정기예금,"인터넷,스마트폰","1개월 이내 : 만기시 동일상품 동일계약기간의 신규 약정금리, 1개월 초과 : 보통예금 이율",없음,제한없음,상품 문의 ☎ 043-256-9114,20241216,
청주저축은행,펫팸정기예금_천안지점,영업점,"1개월 이내 : 만기시 동일상품 동일계약기간의 신규 약정금리, 1개월 초과 : 보통예금 이율","대면 재예치시 적용금리 +0.1%p (단, 가입기간 12개월에 한함)",반려동물을 키우는 지점방문고객(개인),상품 문의 ☎ 041-522-9114,20241216,
청주저축은행,정기예금_천안지점,영업점,"1개월 이내 : 만기시 동일상품 동일계약기간의 신규 약정금리, 1개월 초과 : 보통예금 이율","대면 재예치시 적용금리 +0.1%p (단, 가입기간 12개월에 한함)",제한없음,상품 문의 ☎ 041-522-9114,20241216,
한성저축은행,e-정기예금,인터넷,"- 만기후 계약동일 기간과 12개월 중 적은 기간 적용 : 가입시점 약정이율과 만기시점 현행이율 중 낮은 이율로 고정계산하여 적용
- 만기후 계약동일 기간과 12개월 중 적은 기간 초과 : 경과기간 종료시점의 보통예금이율 적용",없음,제한없음,"* 중도해지이율
- 1개월미만 : 계약일의 보통예금 이율
- 1개월이상 6개월미만 : 약정이율의 50%
- 6개월이상 12개월미만 : 약정이율의 55%
* 단, 최저금리는 보통예금이율 이상 적용",20241217,
한성저축은행,m-정기예금,스마트폰,"- 만기후 계약동일 기간과 12개월 중 적은 기간 적용 : 가입시점 약정이율과 만기시점 현행이율 중 낮은 이율로 고정계산하여 적용
- 만기후 계약동일 기간과 12개월 중 적은 기간 초과 : 경과기간 종료시점의 보통예금이율 적용",없음,제한없음,"* 중도해지이율
- 1개월미만 : 계약일의 보통예금 이율
- 1개월이상 6개월미만 : 약정이율의 50%
- 6개월이상 12개월미만 : 약정이율의 55%
* 단, 최저금리는 보통예금이율 이상 적용",20241217,
한성저축은행,정기예금,영업점,"- 만기후 계약동일 기간과 12개월 중 적은 기간 적용 : 가입시점 약정이율과 만기시점 현행이율 중 낮은 이율로 고정계산하여 적용
- 만기후 계약동일 기간과 12개월 중 적은 기간 초과 : 경과기간 종료시점의 보통예금이율 적용",없음,제한없음,"*방문가입
* 중도해지이율
- 1개월미만 : 계약일의 보통예금 이율
- 1개월이상 6개월미만 : 약정이율의 50%
- 6개월이상 12개월미만 : 약정이율의 55%
* 단, 최저금리는 보통예금이율 이상 적용",20241217,
상상인플러스저축은행,중도해지 괜찮아 369정기예금,영업점,"만기후 1개월 이내 : 최초 약정이율과 해지 시점 이율 비교 후 낮은금리 적용
만기후 1개월 이후 : 보통예금 이율 적용(연 0.1%)",없음,제한없음,"-본 상품은 24개월 복리식 상품입니다.
상품 개설시 계약기간 입력란에 24개월을 입력하여 주시기 바랍니다.
-중도해지 시 예치기간별 약정금리 적용",20240620,
상상인플러스저축은행,중도해지 괜찮아 369정기예금(E),"인터넷,스마트폰","만기후 1개월 이내 : 최초 약정이율과 해지 시점 이율 비교 후 낮은금리 적용
만기후 1개월 이후 : 보통예금 이율 적용(연 0.1%)",없음,제한없음,"-본 상품은 24개월 복리식 상품입니다.
상품 개설시 계약기간 입력란에 24개월을 입력하여 주시기 바랍니다.
-중도해지 시 예치기간별 약정금리 적용",20240620,
상상인플러스저축은행,중도해지 괜찮아 369정기예금(비대면),스마트폰,"만기후 1개월 이내 : 최초 약정이율과 해지 시점 이율 비교 후 낮은금리 적용
만기후 1개월 이후 : 보통예금 이율 적용(연 0.1%)",없음,제한없음,"-본 상품은 24개월 복리식 상품입니다.
상품 개설시 계약기간 입력란에 24개월을 입력하여 주시기 바랍니다.
-중도해지 시 예치기간별 약정금리 적용",20240620,
상상인플러스저축은행,크크크 파킹통장 369정기예금,스마트폰,"만기후 1개월 이내 : 최초 약정이율과 해지 시점 이율 비교 후 낮은금리 적용
만기후 1개월 이후 : 보통예금 이율 적용(연 0.1%)",없음,제한없음,"-본 상품은 24개월 복리식 상품입니다.
상품 개설시 계약기간 입력란에 24개월을 입력하여 주시기 바랍니다.
-중도해지 시 예치기간별 약정금리 적용",20240620,
상상인플러스저축은행,회전정기예금,영업점,"만기후 1개월 이내 : 최초 약정이율과 만기 시점 이율 비교 후 낮은금리 적용
만기후 1개월 이후 : 보통예금 이율 적용(연 0.1%)",없음,제한없음,"실제예치기간별 차등금리
1개월 미만: 연0.1%(세전)
3개월 미만: 약정이율10%
6개월 미만: 약정이율15%
9개월 미만: 약정이율70%
12개월 미만: 약정이율95%
[1회전주기 도래 전] 예금일 당시 회전정기예금 중도해지 이자율 적용
[회전주기 도래 후] 회전주기 충족분은 정상이자율 적용, 잔여분은 중도해지 이자율 적용",20241218,
상상인플러스저축은행,회전E-정기예금,"인터넷,스마트폰","만기후 1개월 이내 : 최초 약정이율과 만기 시점 이율 비교 후 낮은금리 적용
만기후 1개월 이후 : 보통예금 이율 적용(연 0.1%)",없음,제한없음,"실제예치기간별 차등금리
1개월 미만: 연0.1%(세전)
3개월 미만: 약정이율10%
6개월 미만: 약정이율15%
9개월 미만: 약정이율70%
12개월 미만: 약정이율95%
[1회전주기 도래 전] 예금일 당시 회전정기예금 중도해지 이자율 적용
[회전주기 도래 후] 회전주기 충족분은 정상이자율 적용, 잔여분은 중도해지 이자율 적용",20241218,
상상인플러스저축은행,회전정기예금(비대면),스마트폰,"만기후 1개월 이내 : 최초 약정이율과 만기 시점 이율 비교 후 낮은금리 적용
만기후 1개월 이후 : 보통예금 이율 적용(연 0.1%)",없음,제한없음,"실제예치기간별 차등금리
1개월 미만: 연0.1%(세전)
3개월 미만: 약정이율10%
6개월 미만: 약정이율15%
9개월 미만: 약정이율70%
12개월 미만: 약정이율95%
[1회전주기 도래 전] 예금일 당시 회전정기예금 중도해지 이자율 적용
[회전주기 도래 후] 회전주기 충족분은 정상이자율 적용, 잔여분은 중도해지 이자율 적용",20241218,
상상인플러스저축은행,크크크 회전정기예금,스마트폰,"만기후 1개월 이내 : 최초 약정이율과 만기 시점 이율 비교 후 낮은금리 적용
만기후 1개월 이후 : 보통예금 이율 적용(연 0.1%)",없음,제한없음,"실제예치기간별 차등금리
1개월 미만: 연0.1%(세전)
3개월 미만: 약정이율10%
6개월 미만: 약정이율15%
9개월 미만: 약정이율70%
12개월 미만: 약정이율95%
[1회전주기 도래 전] 예금일 당시 회전정기예금 중도해지 이자율 적용
[회전주기 도래 후] 회전주기 충족분은 정상이자율 적용, 잔여분은 중도해지 이자율 적용",20241218,
상상인플러스저축은행,369회전정기예금,영업점,"만기후 1개월 이내 : 최종 회전이율과 만기시점 동일상품 동일계약기간의 신규약정이율 중 낮은 이율
만기후 1개월 초과 : 연 0.1%(세전)",없음,제한없음,"실제예치기간별 차등금리
1개월 미만: 연0.1%(세전)
1개월 이상~12개월 미만: 약정이율50%
[1회전주기 도래 전] 예금일 당시 회전정기예금 중도해지 이자율 적용
[회전주기 도래 후] 회전주기 충족분은 정상이자율 적용, 잔여분은 중도해지 이자율 적용",20240619,
상상인플러스저축은행,369회전정기예금E,"인터넷,스마트폰","만기후 1개월 이내 : 최종 회전이율과 만기시점 동일상품 동일계약기간의 신규약정이율 중 낮은 이율
만기후 1개월 초과 : 연 0.1%(세전)",없음,제한없음,"실제예치기간별 차등금리
1개월 미만: 연0.1%(세전)
1개월 이상~12개월 미만: 약정이율50%
[1회전주기 도래 전] 예금일 당시 회전정기예금 중도해지 이자율 적용
[회전주기 도래 후] 회전주기 충족분은 정상이자율 적용, 잔여분은 중도해지 이자율 적용",20240619,
상상인플러스저축은행,비대면369회전정기예금,스마트폰,"만기후 1개월 이내 : 최종 회전이율과 만기시점 동일상품 동일계약기간의 신규약정이율 중 낮은 이율
만기후 1개월 초과 : 연 0.1%(세전)",없음,제한없음,"실제예치기간별 차등금리
1개월 미만: 연0.1%(세전)
1개월 이상~12개월 미만: 약정이율50%
[1회전주기 도래 전] 예금일 당시 회전정기예금 중도해지 이자율 적용
[회전주기 도래 후] 회전주기 충족분은 정상이자율 적용, 잔여분은 중도해지 이자율 적용",20240619,
상상인플러스저축은행,크크크369회전정기예금,스마트폰,"만기후 1개월 이내 : 최종 회전이율과 만기시점 동일상품 동일계약기간의 신규약정이율 중 낮은 이율
만기후 1개월 초과 : 연 0.1%(세전)",없음,제한없음,"실제예치기간별 차등금리
1개월 미만: 연0.1%(세전)
1개월 이상~12개월 미만: 약정이율50%
[1회전주기 도래 전] 예금일 당시 회전정기예금 중도해지 이자율 적용
[회전주기 도래 후] 회전주기 충족분은 정상이자율 적용, 잔여분은 중도해지 이자율 적용",20240619,
상상인플러스저축은행,정기예금_단기,영업점,"만기후 1개월 이내 : 최초 약정이율과 만기 시점 이율 비교 후 낮은금리 적용
만기후 1개월 이후 : 보통예금 이율 적용(연 0.1%)",없음,제한없음,"* 중도해지 이율
1개월 미만 : 연0.1%
1개월 이상 ~ 12개월 미만 : 약정이율의 50%",20241218,
상상인플러스저축은행,정기예금,영업점,"만기후 1개월 이내 : 최초 약정이율과 만기 시점 이율 비교 후 낮은금리 적용
만기후 1개월 이후 : 보통예금 이율 적용(연 0.1%)",없음,제한없음,"실제예치기간별 차등금리
1개월 미만: 연0.1%(세전)
3개월 미만: 약정이율10%
6개월 미만: 약정이율15%
9개월 미만: 약정이율70%
9개월 이상 24개월 미만: 약정이율95%",20241218,
상상인플러스저축은행,e-정기예금_단기,"인터넷,스마트폰","만기후 1개월 이내 : 최초 약정이율과 만기 시점 이율 비교 후 낮은금리 적용
만기후 1개월 이후 : 보통예금 이율 적용(연 0.1%)",없음,제한없음,"* 중도해지 이율
1개월 미만 : 연0.1%
1개월 이상 ~ 12개월 미만 : 약정이율의 50%",20241218,
상상인플러스저축은행,e-정기예금,"인터넷,스마트폰","만기후 1개월 이내 : 최초 약정이율과 만기 시점 이율 비교 후 낮은금리 적용
만기후 1개월 이후 : 보통예금 이율 적용(연 0.1%)",없음,제한없음,"실제예치기간별 차등금리
1개월 미만: 연0.1%(세전)
3개월 미만: 약정이율10%
6개월 미만: 약정이율15%
9개월 미만: 약정이율70%
9개월 이상 24개월 미만: 약정이율95%",20241218,
상상인플러스저축은행,비대면 정기예금_단기,스마트폰,"만기후 1개월 이내 : 최초 약정이율과 만기 시점 이율 비교 후 낮은금리 적용
만기후 1개월 이후 : 보통예금 이율 적용(연 0.1%)",없음,제한없음,"* 중도해지 이율
1개월 미만 : 연0.1%
1개월 이상 ~ 12개월 미만 : 약정이율의 50%",20241218,
상상인플러스저축은행,비대면 정기예금,스마트폰,"만기후 1개월 이내 : 최초 약정이율과 만기 시점 이율 비교 후 낮은금리 적용
만기후 1개월 이후 : 보통예금 이율 적용(연 0.1%)",없음,제한없음,"실제예치기간별 차등금리
1개월 미만: 연0.1%(세전)
3개월 미만: 약정이율10%
6개월 미만: 약정이율15%
9개월 미만: 약정이율70%
9개월 이상 24개월 미만: 약정이율95%",20241218,
상상인플러스저축은행,크크크 정기예금_단기,스마트폰,"만기후 1개월 이내 : 최초 약정이율과 만기 시점 이율 비교 후 낮은금리 적용
만기후 1개월 이후 : 보통예금 이율 적용(연 0.1%)",없음,제한없음,"* 중도해지 이율
1개월 미만 : 연0.1%
1개월 이상 ~ 12개월 미만 : 약정이율의 50%",20241218,
상상인플러스저축은행,크크크 정기예금,스마트폰,"만기후 1개월 이내 : 최초 약정이율과 만기 시점 이율 비교 후 낮은금리 적용
만기후 1개월 이후 : 보통예금 이율 적용(연 0.1%)",없음,제한없음,"실제예치기간별 차등금리
1개월 미만: 연0.1%(세전)
3개월 미만: 약정이율10%
6개월 미만: 약정이율15%
9개월 미만: 약정이율70%
9개월 이상 24개월 미만: 약정이율95%",20241218,
상상인플러스저축은행,9개월 회전정기예금,영업점,"만기후 1개월 이내 : 최초 약정이율과 만기 시점 이율 비교 후 낮은금리 적용
만기후 1개월 이후 : 보통예금 이율 적용(연 0.1%)",없음,제한없음,"실제예치기간별 차등금리
1개월 미만: 연0.1%(세전)
1개월 이상 9개월 미만: 약정이율의 50%(세전)
[1회전주기 도래 전] 예금일 당시 회전정기예금 중도해지 이자율 적용
[회전주기 도래 후] 회전주기 충족분은 정상이자율 적용, 잔여분은 중도해지 이자율 적용",20241218,
상상인플러스저축은행,E-9개월 회전정기예금,"인터넷,스마트폰","만기후 1개월 이내 : 최초 약정이율과 만기 시점 이율 비교 후 낮은금리 적용
만기후 1개월 이후 : 보통예금 이율 적용(연 0.1%)",없음,제한없음,"실제예치기간별 차등금리
1개월 미만: 연0.1%(세전)
1개월 이상 9개월 미만: 약정이율의 50%(세전)
[1회전주기 도래 전] 예금일 당시 회전정기예금 중도해지 이자율 적용
[회전주기 도래 후] 회전주기 충족분은 정상이자율 적용, 잔여분은 중도해지 이자율 적용",20241218,
상상인플러스저축은행,비대면 9개월 회전정기예금,스마트폰,"만기후 1개월 이내 : 최초 약정이율과 만기 시점 이율 비교 후 낮은금리 적용
만기후 1개월 이후 : 보통예금 이율 적용(연 0.1%)",없음,제한없음,"실제예치기간별 차등금리
1개월 미만: 연0.1%(세전)
1개월 이상 9개월 미만: 약정이율의 50%(세전)
[1회전주기 도래 전] 예금일 당시 회전정기예금 중도해지 이자율 적용
[회전주기 도래 후] 회전주기 충족분은 정상이자율 적용, 잔여분은 중도해지 이자율 적용",20241218,
상상인플러스저축은행,크크크 9개월 회전정기예금,스마트폰,"만기후 1개월 이내 : 최초 약정이율과 만기 시점 이율 비교 후 낮은금리 적용
만기후 1개월 이후 : 보통예금 이율 적용(연 0.1%)",없음,제한없음,"실제예치기간별 차등금리
1개월 미만: 연0.1%(세전)
1개월 이상 9개월 미만: 약정이율의 50%(세전)
[1회전주기 도래 전] 예금일 당시 회전정기예금 중도해지 이자율 적용
[회전주기 도래 후] 회전주기 충족분은 정상이자율 적용, 잔여분은 중도해지 이자율 적용",20241218,
아산저축은행,정기예금,영업점,"1개월 내 : 가입시점, 만기시점 낮은 단리이율적용, 이후 보통예금 금리 적용",없음,제한없음,없음,20241210,
아산저축은행,e-정기예금,"인터넷,스마트폰","1개월 내 : 가입시점, 만기시점 낮은 단리이율적용, 이후 보통예금 금리 적용",없음,제한없음,없음,20241210,
아산저축은행,SB톡톡-정기예금,스마트폰,"1개월 내 : 가입시점, 만기시점 낮은 단리이율적용, 이후 보통예금 금리 적용",없음,제한없음,없음,20241210,
오투저축은행,정기예금,영업점,"1. 2019년 7월 1일 이전 신규
-보통예금 이율

2. 2019년 7월 1일 신규분 부터
-1개월이내: 신규시점 약정이율과 만기시점 약정이율 중 낮은 이율
-1개월 초과: 보통예금 이율",없음,제한없음,"중도해지이율
-1개월 미만: 보통예금이율
-1개월 이상~3개월 미만: 계약일의 계약기간별 약정이율의 50%
-3개월 이상~12개월 미만: 계약일의 계약기간별 약정이율의 60%
-12개월 이상: 계약일의 계약기간별 약정이율의 70%",20241212,
오투저축은행,E-정기예금,인터넷,"1. 2019년 7월 1일 이전 신규
-보통예금 이율

2. 2019년 7월 1일 신규분 부터
-1개월이내: 신규시점 약정이율과 만기시점 약정이율 중 낮은 이율
-1개월 초과: 보통예금 이율",없음,제한없음,"중도해지이율
-1개월 미만: 보통예금이율
-1개월 이상~3개월 미만: 계약일의 계약기간별 약정이율의 50%
-3개월 이상~12개월 미만: 계약일의 계약기간별 약정이율의 60%
-12개월 이상: 계약일의 계약기간별 약정이율의 70%",20241212,
오투저축은행,비대면 정기예금,스마트폰,"1. 2019년 7월 1일 이전 신규
-보통예금 이율

2. 2019년 7월 1일 신규분 부터
-1개월이내: 신규시점 약정이율과 만기시점 약정이율 중 낮은 이율
-1개월 초과: 보통예금 이율",없음,제한없음,"중도해지이율
-1개월 미만: 보통예금이율
-1개월 이상~3개월 미만: 계약일의 계약기간별 약정이율의 50%
-3개월 이상~12개월 미만: 계약일의 계약기간별 약정이율의 60%
-12개월 이상: 계약일의 계약기간별 약정이율의 70%",20241212,
스타저축은행,정기예금,영업점,"*만기후 1개월이내: 최초 약정이율과 만기시점 이율 중 낮은 금리 적용, 만기후 1개월 초과: 보통예금 금리 적용",없음,제한없음,없음,20241217,
스타저축은행,스타e_정기예금,"인터넷,스마트폰","*만기후 1개월이내: 최초 약정이율과 만기시점 이율 중 낮은 금리 적용, 만기후 1개월 초과: 보통예금 금리 적용",없음,제한없음,없음,20241217,
대한저축은행,정기예금,영업점,"- 만기후 1개월이내 : 가입당시 약정금리와 현재금리 비교 후 낮은 금리

- 만기후 1개월초과 : 보통예금 금리",없음,제한없음,해당없음,20241211,
대한저축은행,정기예금(인터넷뱅킹),"인터넷,스마트폰","- 만기후 1개월이내 : 가입당시 약정금리와 현재금리 비교 후 낮은 금리

- 만기후 1개월초과 : 보통예금 금리",없음,제한없음,해당없음,20241211,
동양저축은행,정기예금,영업점,"1개월내: 가입 당시 이율과 만기시점 해당 계약기간 이율과 비교하여 낮은 금리적용
1개월후: 보통예금 금리와 동일",없음,제한없음,없음,20241216,
동양저축은행,"정기예금(비대면,인터넷뱅킹,스마트폰뱅킹)","인터넷,스마트폰","1개월내: 가입 당시 이율과 만기시점 해당 계약기간 이율과 비교하여 낮은 금리적용
1개월후: 보통예금 금리와 동일",없음,제한없음,본 상품은 한도금액 초과 시 조기에 소진될 수 있습니다.,20241216,
더블저축은행,정기예금,영업점,"*만기경과 1개월이내 :
- 해당 약정기간 정기예금 현행이율
*만기경과 1개월이후 : 보통예금 이율",없음,제한없음,예금자보호한도외 기타사항 없음,20241211,
더블저축은행,"정기예금(인터넷뱅킹,스마트뱅킹)","인터넷,스마트폰","*만기경과 1개월이내 :
- 해당 약정기간 정기예금 현행이율
*만기경과 1개월이후 : 보통예금 이율",없음,제한없음,예금자보호한도외 기타사항 없음,20241118,
센트럴저축은행,정기예금,영업점,"(만기 후 예치 기간 기준)
* 1개월까지: 당초 약정이율
* 1개월 초과: 0.5%",없음.,제한없음.,"중도해지 이율
(실 예치 기간 기준)
*1개월 미만: 0.5%
*1개월~3개월 미만: 1.65%
*3개월~6개월 미만: 1.70%
*6개월~11개월 미만: 1.75%
*11개월 이상: 1.80%",20241216,
센트럴저축은행,"정기예금 (인터넷뱅킹,스마트뱅킹,비대면)","인터넷,스마트폰","(만기 후 예치 기간 기준)
* 1개월까지: 당초 약정이율
* 1개월 초과: 0.5%",없음.,제한없음.,"중도해지 이율
(실 예치 기간 기준)
*1개월 미만: 0.5%
*1개월~3개월 미만: 1.60%
*3개월~6개월 미만: 1.65%
*6개월~11개월 미만: 1.70%
*11개월 이상: 1.75%",20241216,
스마트저축은행,정기예금,영업점,"○ 만기후 1개월이내 : 가입당시 약정이율과 만기시점 해당상품 신규약정이율 중 낮은이율
○ 만기후 1개월이후 : 0.3%",해당없음,제한없음,가입한도 없음,20241217,
스마트저축은행,e-정기예금,"인터넷,스마트폰","○ 만기후 1개월이내 : 가입당시 약정이율과 만기시점 해당상품 신규약정이율 중 낮은이율
○ 만기후 1개월이후 : 0.3%",해당없음,제한없음,"가입채널 제한(인터넷, 스마트폰 전용) / 본 상품은 한도금액 초과 시 조기에 소진될 수 있습니다.",20241217,
스마트저축은행,e-로운 정기예금,스마트폰,"○ 만기후 1개월이내 : 가입당시 약정이율과 만기시점 해당상품 신규약정이율 중 낮은이율
○ 만기후 1개월이후 : 0.3%",해당없음,제한없음,가입채널 제한(스마트폰 전용) / 본 상품은 한도금액 초과 시 조기에 소진될 수 있습니다.,20241217,
한국투자저축은행,정기예금,영업점,"- 1개월 이하 : 당초 약정이율과 만기시점 해당상품 신규약정이율 중 낮은 이율
- 1개월 초과 : 연 0.2%",#NAME?,제한없음,없음,20241212,
한국투자저축은행,인터넷정기예금,인터넷,"- 1개월 이하 : 당초 약정이율과 만기시점 해당상품 신규약정이율 중 낮은 이율
- 1개월 초과 : 연 0.2%","- 없음,
- 판매한도 소진시 별도 안내 없이 조기 판매 종료됩니다.",제한없음,#NAME?,20241212,
한국투자저축은행,비대면 정기예금,스마트폰,"- 1개월 이하 : 당초 약정이율과 만기시점 해당상품 신규약정이율 중 낮은 이율
- 1개월 초과 : 연 0.2%","- 없음,
- 판매한도 소진시 별도 안내 없이 조기 판매 종료됩니다.",제한없음,#NAME?,20241212,
한국투자저축은행,회전정기예금 (1년 단위 변동금리상품),영업점,"- 1개월 이하 : 당초 약정이율과 만기시점 해당상품 신규약정이율 중 낮은 이율
- 1개월 초과 : 연 0.2%",#NAME?,제한없음,- 12개월 단위 회전식 정기예금 (36개월 만기 정기예금으로 가입 후 매 12개월 마다 해당시점 금리로 자동연장되는 변동금리 상품),20240805,
한국투자저축은행,인터넷회전정기예금 (1년 단위 변동금리상품),인터넷,"- 1개월 이하 : 당초 약정이율과 만기시점 해당상품 신규약정이율 중 낮은 이율
- 1개월 초과 : 연 0.2%","- 없음,
- 판매한도 소진시 별도 안내 없이 조기 판매 종료됩니다.",제한없음,- 12개월 단위 회전식 정기예금 (36개월 만기 정기예금으로 가입 후 매 12개월 마다 해당시점 금리로 자동연장되는 변동금리 상품),20240805,
한국투자저축은행,비대면회전정기예금 (1년 단위 변동금리상품),스마트폰,"- 1개월 이하 : 당초 약정이율과 만기시점 해당상품 신규약정이율 중 낮은 이율
- 1개월 초과 : 연 0.2%","- 없음,
- 판매한도 소진시 별도 안내 없이 조기 판매 종료됩니다.",제한없음,- 12개월 단위 회전식 정기예금 (36개월 만기 정기예금으로 가입 후 매 12개월 마다 해당시점 금리로 자동연장되는 변동금리 상품),20240805,
한국투자저축은행,회전정기예금 (1년 단위 변동금리상품),영업점,"- 1개월 이하 : 당초 약정이율과 만기시점 해당상품 신규약정이율 중 낮은 이율
- 1개월 초과 : 연 0.2%",#NAME?,제한없음,- 12개월 단위 회전식 정기예금 (36개월 만기 정기예금으로 가입 후 매 12개월 마다 해당시점 금리로 자동연장되는 변동금리 상품),20241212,
한국투자저축은행,인터넷회전정기예금 (1년 단위 변동금리상품),인터넷,"- 1개월 이하 : 당초 약정이율과 만기시점 해당상품 신규약정이율 중 낮은 이율
- 1개월 초과 : 연 0.2%","- 없음,
- 판매한도 소진시 별도 안내 없이 조기 판매 종료됩니다.",제한없음,- 12개월 단위 회전식 정기예금 (36개월 만기 정기예금으로 가입 후 매 12개월 마다 해당시점 금리로 자동연장되는 변동금리 상품),20241212,
한국투자저축은행,비대면회전정기예금 (1년 단위 변동금리상품),스마트폰,"- 1개월 이하 : 당초 약정이율과 만기시점 해당상품 신규약정이율 중 낮은 이율
- 1개월 초과 : 연 0.2%","- 없음,
- 판매한도 소진시 별도 안내 없이 조기 판매 종료됩니다.",제한없음,- 12개월 단위 회전식 정기예금 (36개월 만기 정기예금으로 가입 후 매 12개월 마다 해당시점 금리로 자동연장되는 변동금리 상품),20241212,
한국투자저축은행,한투 중도해지안심정기예금(창구전용),영업점,"- 1개월 이하 : 당초 약정이율과 만기시점 해당상품 신규약정이율 중 낮은 이율
- 1개월 초과 : 연 0.2%",-예적금담보대출 가산금리 우대(상품약정금리+0.5%)창구 방문하여 해당상품을 담보로 제공한 대출 실행 시에만 해당,제한없음,없음,20241212,
라온저축은행,정기예금 비대면,"인터넷,스마트폰","- 만기 후 1개월 이하: 약정금리와 만기일 현재 정기예금 금리중 낮은 금리 적용
- 만기 후 1개월 초과: 보통예금 이율",없음,제한없음,최소금액 10만원이상,20241211,
라온저축은행,정기예금,영업점,"- 만기 후 1개월 이하: 약정금리와 만기일 현재 정기예금 금리중 낮은 금리 적용
- 만기 후 1개월 초과: 보통예금 이율",- 수성지점가입시 0.15% 우대금리적용(1년),제한없음,최소금액 10만원이상,20241211,
드림저축은행,정기예금,영업점,"-1개월 이내: 공시이율과
약정이율 중 낮은 이율
-1개월 초과: 보통예금 금리",없음,#NAME?,-,20241024,
드림저축은행,인터넷정기예금,인터넷,"-1개월 이내: 공시이율과
약정이율 중 낮은 이율
-1개월 초과: 보통예금 금리",-,#NAME?,#NAME?,20241209,
드림저축은행,톡톡정기예금(비대면),스마트폰,"-1개월 이내: 공시이율과
약정이율 중 낮은 이율
-1개월 초과: 보통예금 금리",-,#NAME?,#NAME?,20241209,
대아상호저축은행,정기예금,영업점,"- 만기 후 1개월 이내 : 당초 약정금리 또는 만기시 동일상품 동일계약기간의 신규 약정금리 중 낮은 이율
- 만기 후 1개월 초과 : 보통예금 이율",없음,제한없음,"예금자보호법에 따라 예금보험공사가 보호하되, 원금과 소정의 이자를 합하여 1인당 ""최고 5천만원""이며, 5천만원을 초과하는 나머지 금액은 보호하지 않습니다.",20240119,
대아상호저축은행,정기예금,영업점,0.1,없음,제한없음,해당사항없음,20241219,
머스트삼일저축은행,정기예금,영업점,"-만기후 1개월 이내 : 약정이율 Ⅹ 100%
-만기후 1개월 초과: 연0.2%",없음,제한없음,없음,20241204,
머스트삼일저축은행,e-정기예금,인터넷,"-만기후 1개월 이내 : 약정이율 Ⅹ 100%
-만기후 1개월 초과: 연0.2%",없음,제한없음,없음,20241216,
머스트삼일저축은행,비대면정기예금,스마트폰,"-만기후 1개월 이내 : 약정이율 Ⅹ 100%
-만기후 1개월 초과: 연0.2%",없음,제한없음,없음,20241216,
머스트삼일저축은행,자유적립예금,영업점,"- 만기후 1개월 이내 : 1.2%
- 만기후 1개월 초과 : 연0.2%",없음,제한없음,없음,20220822,
참저축은행,정기예금,영업점,*만기 후 1개월 간 : 가입이율과 만기일 당시 기간별 정기예금이율 중 낮은 단리 이율 ＊만기후 1개월초과 : 보통예금 이율 적용대상 : 19.07.01 신규가입자부터 적용 (이전가입자는 영업점 확인요망),없음,제한없음,없음,20241218,
참저축은행,e-정기예금,"인터넷,스마트폰",*만기 후 1개월 간 : 가입이율과 만기일 당시 기간별 정기예금이율 중 낮은 단리 이율 ＊만기후 1개월초과 : 보통예금 이율 * 적용대상 : 19.07.01 신규가입자부터 적용 (이전가입자는 영업점 확인요망),없음,제한없음,"인터넷뱅킹, SB톡톡플러스 로그인 시",20241218,
참저축은행,비대면정기예금,스마트폰,*만기 후 1개월 간 : 가입이율과 만기일 당시 기간별 정기예금이율 중 낮은 단리 이율 ＊만기후 1개월초과 : 보통예금 이율 * 적용대상 : 19.07.01 신규가입자부터 적용 (이전가입자는 영업점 확인요망),없음,만19세 이상 내국인(법인불가),SB톡톡플러스 비로그인서비스로 신규가입 시,20241218,
오성저축은행,정기예금,영업점,"1개월이하-약정금리와 기준금리 중 낮은금리
1개월초과-보통예금이율",없음,제한없음,없음,20240718,
오성저축은행,정기예금(비대면),"인터넷,스마트폰","1개월이하-약정금리와 기준금리 중 낮은금리
1개월초과-보통예금이율",없음,제한없음,없음,20240718,
오성저축은행,회전식정기예금,영업점,"1개월이하-약정금리와 기준금리 중 낮은금리
1개월초과-보통예금이율",없음,제한없음,없음,20240718,
오성저축은행,회전식정기예금(비대면),"인터넷,스마트폰","1개월이하-약정금리와 기준금리 중 낮은금리
1개월초과-보통예금이율",없음,제한없음,없음,20240718,
오성저축은행,회전식정기예금 6M,영업점,"1개월이하-약정금리와 기준금리 중 낮은금리
1개월초과-보통예금이율",없음,제한없음,없음,20240718,
오성저축은행,회전식정기예금 6M (비대면),"인터넷,스마트폰","1개월이하-약정금리와 기준금리 중 낮은금리
1개월초과-보통예금이율",없음,제한없음,없음,20240718,
대원상호저축은행,정기예금,영업점,"1. 만기후 1개월 이내: 가입당시 약정금리 적용
2. 만기후 1개월 초과: 보통예금 이율",없음,제한없음,최소금액: 10만원 이상,20240920,
에스앤티저축은행,정기예금,영업점,"-만기 후 1개월 이내 : 가입당시 약정금리
-만기 후 1개월 초과 : 0.20% (보통예금 금리적용)",없음,제한없음,"예금자보호법에 의해 원리금 기준 5,000만원까지 보호",20241219,
에스앤티저축은행,정기예금(비대면),"인터넷,스마트폰","-만기 후 1개월 이내 : 가입당시 약정금리
-만기 후 1개월 초과 : 0.20% (보통예금 금리적용)",없음,제한없음,"예금자보호법에 의해 원리금 기준 5,000만원까지 보호",20241219,
솔브레인저축은행,정기예금,영업점,"- 만기후 1개월 까지 : 계약기간별 [가입 시 약정이율과 만기 시 약정이율] 중 낮은이율
- 만기후 1개월 이후 : 보통예금 이율(0.3%)",없음,제한없음,없음,20241213,
솔브레인저축은행,e-정기예금,"인터넷,스마트폰","- 만기후 1개월 까지 : 계약기간별 [가입 시 약정이율과 만기 시 약정이율] 중 낮은이율
- 만기후 1개월 이후 : 보통예금 이율(0.3%)",없음,제한없음,없음,20241213,
솔브레인저축은행,정기예금(비대면),스마트폰,"- 만기후 1개월 까지 : 계약기간별 [가입 시 약정이율과 만기 시 약정이율] 중 낮은이율
- 만기후 1개월 이후 : 보통예금 이율(0.3%)",없음,개인(만19세이상),없음,20241213,
동원제일저축은행,정기예금,영업점,"- 만기 후 1개월 이하: 약정금리와 만기일 현재 정기예금 금리중 낮은 금리 적용
- 만기 후 1개월 초과: 보통예금 금리 적용",없음,제한없음,없음,20241125,
동원제일저축은행,정기예금(비대면),"인터넷,스마트폰",-만기 후 1개월 이하:약정 금리와 만기일 현재 정기예금 금리중 낮은 금리적용 -만기 후 1개월 초과: 보통예금 금리 적용,없음,제한없음,계좌당 가입한도:5천만원,20241125,
동원제일저축은행,회전정기예금(변동금리),영업점,-만기 후 1개월 까지: 최종약정이율과 현재이율 중 낮은금리 적용 -만기 후 1개월 초과: 보통예금 금리 적용,없음,제한없음,없음,20241125,
동원제일저축은행,회전정기예금-비대면(변동금리),"인터넷,스마트폰",-만기 후 1개월 까지: 최종약정이율과 현재이율 중 낮은금리 적용 -만기 후 1개월 초과: 보통예금 금리 적용,없음,제한없음,계좌당 가입한도:5천만원,20241125,
조흥저축은행,정기예금(통영),영업점,"만기후1개월이내 약정금리와 현행고시금리중 낮은 이율
1개월초과시 보통예금 이자율 적용",없음,제한없음,제한없음,20241119,
조흥저축은행,정기예금(거제),영업점,"만기후1개월이내 약정금리와 현행고시금리중 낮은 이율
1개월초과시 보통예금 이자율 적용",없음,제한없음,제한없음,20241119,
조흥저축은행,e-정기예금,"인터넷,스마트폰","만기후1개월이내 약정금리와 현행고시금리중 낮은 이율
1개월초과시 보통예금 이자율 적용",없음,제한없음,제한없음,20241119,
진주저축은행,"정기예금(진주,통영)",영업점,"ㆍ만기일~1개월 까지 : 최초 약정이율과 만기 후 동일상품 신규가입이율 중 낮은 이율

ㆍ1개월 초과
: 연 0.1%",없음,비거주 외국인 외 제한없음,"-만65세 이상 비과세 종합저축 5,000만원 가능",20241218,
진주저축은행,"정기예금(부산,울산,창원)",영업점,"ㆍ만기일~1개월 까지 : 최초 약정이율과 만기 후 동일상품 신규가입이율 중 낮은 이율

ㆍ1개월 초과
: 연 0.1%",없음,비거주 외국인 외 제한없음,"-만65세 이상 비과세 종합저축 5,000만원 가능",20241218,
진주저축은행,M-정기예금(비대면),스마트폰,"ㆍ만기일~1개월 까지 : 최초 약정이율과 만기 후 동일상품 신규가입이율 중 낮은 이율

ㆍ1개월 초과
: 연 0.1%",없음,비거주 외국인 외 제한없음,"-만65세 이상 비과세 종합저축 5,000만원 가능",20241218,
진주저축은행,E-정기예금(비대면),인터넷,"ㆍ만기일~1개월 까지 : 최초 약정이율과 만기 후 동일상품 신규가입이율 중 낮은 이율

ㆍ1개월 초과
: 연 0.1%",없음,비거주 외국인 외 제한없음,"-만65세 이상 비과세 종합저축 5,000만원 가능",20241218,
진주저축은행,지니뱅크-정기예금(비대면),스마트폰,"ㆍ만기일~1개월 까지 : 최초 약정이율과 만기 후 동일상품 신규가입이율 중 낮은 이율

ㆍ1개월 초과
: 연 0.1%",없음,비거주 외국인 외 제한없음,"-만65세 이상 비과세 종합저축 5,000만원 가능",20241218,
진주저축은행,"안심정기예금(진주,통영) (창구전용)",영업점,"ㆍ만기일~1개월 까지 : 최초 약정이율과 만기 후 동일상품 신규가입이율 중 낮은 이율

ㆍ1개월 초과
: 연 0.1%",없음,비거주 외국인 외 제한없음,"-만65세 이상 비과세 종합저축 5,000만원 가능",20241218,
진주저축은행,"안심정기예금(부산,창원,울산) (창구전용)",영업점,"ㆍ만기일~1개월 까지 : 최초 약정이율과 만기 후 동일상품 신규가입이율 중 낮은 이율

ㆍ1개월 초과
: 연 0.1%",없음,비거주 외국인 외 제한없음,"-만65세 이상 비과세 종합저축 5,000만원 가능",20241218,
예가람저축은행,정기예금,영업점,"* 만기후 1개월 이내 : 가입당시 약정금리 또는 만기시 동일상품 동일계약기간의 신규 약정금리 중 낮은 이율
* 만기후 1개월 초과 : 보통예금금리",예적금 만기 후 원금 12개월 이상 재예치시 : 0.1% 우대,제한없음,영업점 전용상품,20241125,
예가람저축은행,e-정기예금,"인터넷,스마트폰","* 만기후 1개월 이내 : 가입당시 약정금리 또는 만기시 동일상품 동일계약기간의 신규 약정금리 중 낮은 이율
* 만기후 1개월 초과 : 보통예금금리",예적금 만기 후 원금 12개월 이상 재예치시 : 0.1% 우대,제한없음,"인터넷뱅킹, 스마트폰",20241125,
예가람저축은행,안심Plus 정기예금,영업점,"* 만기후 1개월 이내 : 가입당시 약정금리 또는 만기시 동일상품 동일계약기간의 신규 약정금리 중 낮은 이율
* 만기후 1개월 초과 : 보통예금금리","* 13개월 이상 ~ 24개월 미만 중도해지시 가입당시 1년 정기예금 금리 적용
* 24개월 이상 ~ 36개월 미만 중도해지시
가입당시 2년 정기예금 금리 적용 * 예적금 만기 후 원금 36개월 이상 재예치시 : 0.1% 우대",제한없음,영업점 전용상품,20240529,
예가람저축은행,e-안심Plus 정기예금,"인터넷,스마트폰","* 만기후 1개월 이내 : 가입당시 약정금리 또는 만기시 동일상품 동일계약기간의 신규 약정금리 중 낮은 이율
* 만기후 1개월 초과 : 보통예금금리","비대면 가입
* 13개월 이상 ~ 24개월 미만 중도해지시 가입당시 1년 정기예금 금리 적용
* 24개월 이상 ~ 36개월 미만 중도해지시
가입당시 2년 정기예금 금리 적용",제한없음,"인터넷뱅킹, 스마트폰",20240529,
예가람저축은행,회전정기예금,영업점,"* 만기후 1개월 이내 : 마지막 회전주기의 약정이율
* 만기후 1개월 초과 : 보통예금금리",없음,제한없음,1. 매 회전주기 기준 정기예금 12개월 고시금리 + 0.1%p 변동 2. 계약기간: 2~3년,20241125,
예가람저축은행,e-회전정기예금,"인터넷,스마트폰","* 만기후 1개월 이내 : 마지막 회전주기의 약정이율
* 만기후 1개월 초과 : 보통예금금리",없음,제한없음,1. 매 회전주기 기준 e-정기예금 12개월 고시금리 + 0.1%p 변동 2. 계약기간: 2~3년,20241125,
예가람저축은행,The빠른회전정기예금(6개월),영업점,"* 만기후 1개월 이내 : 마지막 회전주기의 약정이율
* 만기후 1개월 초과 : 보통예금금리",없음,제한없음,"영업점 전용상품
* 계약기간 36개월(6개월 회전주기 변동금리 상품)",20241202,
예가람저축은행,e-The빠른회전정기예금(6개월),"인터넷,스마트폰","* 만기후 1개월 이내 : 마지막 회전주기의 약정이율
* 만기후 1개월 초과 : 보통예금금리",없음,제한없음,"인터넷뱅킹, 스마트폰
* 계약기간 36개월(6개월 회전주기 변동금리 상품)",20241202,
제이티저축은행,회전식정기예금(변동금리상품),영업점,"-1개월 이내 : 예치시점 약정금리
-1개월 초과 : 0.1%","-최초가입일 금리는 1년간 적용되며, 이후 약정한 회전주기(12개월)별로 계약기간 내에서 이자율이 변동되는 상품임.",제한없음,현금IC카드 발급 불가 상품,20241203,
제이티저축은행,회전정기예금_비대면(변동금리상품),"인터넷,스마트폰","-1개월 이내 : 예치시점 약정금리
-1개월 초과 : 0.1%","-최초가입일 금리는 1년간 적용되며, 이후 약정한 회전주기(12개월)별로 계약기간 내에서 이자율이 변동되는 상품임.",제한없음,현금IC카드 발급 불가 상품,20241203,
제이티저축은행,정기예금,영업점,"-1개월 이내 : 예치시점 약정금리
-1개월 초과 : 0.1%",-자동만기연장 가입 등 0.1% 금리우대 (12개월이상),제한없음,현금IC카드 발급 불가 상품,20241203,
제이티저축은행,e-정기예금,"인터넷,스마트폰","-1개월 이내 : 예치시점 약정금리
-1개월 초과 : 0.1%",없음,제한없음,현금IC카드 발급 불가 상품,20241203,
삼호저축은행,정기예금(인터넷-모바일),"인터넷,스마트폰","만기후 1개월 이내 해지시 약정금리 적용, 만기후 1개월 초과 이후 해지시 보통예금 이율적용",없음,없음,없음,20241203,
삼호저축은행,정기예금,영업점,"만기후 1개월 이내 해지시 약정금리 적용, 만기후 1개월 초과 이후 해지시 보통예금 이율적용",없음,없음,없음,20241203,
엔에이치저축은행,정기예금,영업점,"-1개월 이내: 지급 전일까지 해당 계좌의 약정금리와 기간별 적용금리 중 낮은 금리
-1개월 초과: 지급일 당시 보통예금 이율",없음,제한없음,없음,20241218,
엔에이치저축은행,회전식 정기예금,"영업점,인터넷,스마트폰","-1개월 이내: 지급 전일까지 해당 계좌의 약정금리와 기간별 적용금리 중 낮은 금리
-1개월 초과: 지급일 당시 보통예금 이율",없음,제한없음,"-변동금리 상품: 가입기간은 36개월이며, 회전주기(매 1년)마다 약정이율 변동",20241218,
엔에이치저축은행,비대면 정기예금,"인터넷,스마트폰","-1개월 이내: 지급 전일까지 해당 계좌의 약정금리와 기간별 적용금리 중 낮은 금리
-1개월 초과: 지급일 당시 보통예금 이율",없음,제한없음,없음,20241218,
대신저축은행,정기예금,"영업점,인터넷","* 만기후 1개월 이내 : 당초 약정이율과 만기시점 해당상품 신규 약정이율 중 낮은이율
* 만기후 1개월 초과: 만기시점 보통예금 이율 (현재 0.1%)",없음,모든고객,없음,20241220,
대신저축은행,스마트정기예금,스마트폰,"* 만기후 1개월 이내 : 당초 약정이율과 만기시점 해당상품 신규 약정이율 중 낮은이율
* 만기후 1개월 초과: 만기시점 보통예금 이율 (현재 0.1%)",없음,스마트뱅크 가입고객,가입채널 제한 (모바일앱전용상품),20241220,
대신저축은행,더드리고정기예금,영업점,"* 만기후 1개월 이내 : 당초 약정이율과 만기시점 해당상품 신규 약정이율 중 낮은이율
* 만기후 1개월 초과: 만기시점 보통예금 이율 (현재 0.1%)",없음,만 65세이상 고객,영업점전용상품,20241220,
대신저축은행,대신든든정기예금,영업점,"* 만기후 1개월 이내 : 당초 약정이율과 만기시점 해당상품 신규 약정이율 중 낮은이율
* 만기후 1개월 초과: 만기시점 보통예금 이율 (현재 0.1%)",없음,모든고객,영업점전용상품,20241220,
대신저축은행,회전정기예금,영업점,"* 만기후 1개월 이내 : 마지막 회전주기의 약정이율나 만기시점 동일상품 신규 약정이율 중 낮은이율
* 만기후 1개월 초과: 만기시점 보통예금 이율 (현재 0.1%)",없음,모든고객,영업점전용상품,20241220,
대신저축은행,스마트회전정기예금,스마트폰,"* 만기후 1개월 이내 : 마지막 회전주기의 약정이율나 만기시점 동일상품 신규 약정이율 중 낮은이율
* 만기후 1개월 초과: 만기시점 보통예금 이율 (현재 0.1%)",없음,스마트뱅크 가입고객,가입채널 제한 (모바일앱전용상품),20241220,
아이비케이저축은행,참기특한정기예금,"영업점,인터넷,스마트폰","-만기후 1개월 이내:약정금리와 현행고시 금리중 낮은 이율
-1개월미만 해지 및 만기경과 1개월 초과 : 보통예금이율",없음,제한없음,없음,20241202,
아이비케이저축은행,참기특한정기예금(비대면),"인터넷,스마트폰","-만기후 1개월 이내:약정금리와 현행고시 금리중 낮은 이율
-1개월미만 해지 및 만기경과 1개월 초과 : 보통예금이율",없음,"제한없음(단,비거주 외국인 제외)",없음,20241202,
아이비케이저축은행,IBKSB 회전정기예금(변동금리),"영업점,인터넷,스마트폰","* 만기경과 1개월 이내 : 약정금리와 현행고시 금리중 낮은이율
* 만기경과 1개월 초과 : 보통예금 이율",없음,제한없음,매 회전주기 기준 정기예금 고시금리+0.10%우대금리 적용하여 약정이율 변동,20241202,
아이비케이저축은행,IBKSB e-회전정기예금(변동금리),"인터넷,스마트폰","* 만기경과 1개월 이내 : 약정금리와 현행고시 금리중 낮은이율
* 만기경과 1개월 초과 : 보통예금 이율",없음,"제한없음 (단,비거주 외국인 제외)",매 회전주기 기준 정기예금 고시금리+0.10%우대금리 적용하여 약정이율 변동,20241202,
아이비케이저축은행,이어드림 회전정기예금(변동금리),영업점,"* 만기경과 1개월 이내 : 약정금리와 현행고시 금리중 낮은이율
* 만기경과 1개월 초과 : 보통예금 이율",없음,"제한없음 (단,비거주 외국인 제외)","매 회전주기 기준 정기예금 12개월 고시금리+회차별 우대금리 적용하여 약정이율 변동
(회차별 우대금리 : 1회차 : 0.15%, 2회차 : 0.20%, 3회차 : 0.3%, 4회차 : 0.4%",20241202,
비엔케이저축은행,정기예금(대면),영업점,"* 1개월내
: 당초 약정이율 또는 만기시 동일상품 동일계약기간의 신규 약정이율(단리) 중 낮은 이율 적용
* 1개월이후
: 보통예금 금리 적용","비대면, 인터넷,모바일 가입시 0.1%우대",제한없음,없음,20241216,
비엔케이저축은행,삼삼한정기예금(회전정기예금)(1년단위 변동금리),"영업점,인터넷,스마트폰","* 1개월내
: 당초 약정이율 또는 만기시 동일상품 동일계약기간의 신규 약정이율(단리) 중 낮은 이율 적용
* 1개월이후
: 보통예금 금리 적용",없음,제한없음,없음,20241216,
비엔케이저축은행,"정기예금(비대면,인터넷,모바일)","인터넷,스마트폰","* 1개월내
: 당초 약정이율 또는 만기시 동일상품 동일계약기간의 신규 약정이율(단리) 중 낮은 이율 적용
* 1개월이후
: 보통예금 금리 적용",없음,제한없음,없음,20241216,
케이비저축은행,정기예금,영업점,"- 1개월이내 : 신규가입일 당시 약정이율과 만기일 현재 고시이율 중 낮은 이율
- 1개월초과 : 보통예금이율","- 인터넷뱅킹 신규가입하여 출금계좌를 등록한 후 당일 창구 신규시 우대금리 연 0.1%p적용.
단, 신규가입일 포함 14일 이내 타기관 공인인증서 미등록시 우대금리 적용해제",제한없음,"- 3~36개월 가입가능
- 가입금액 : 100만원이상",20241219,
케이비저축은행,KB e-plus 정기예금,"인터넷,스마트폰","- 1개월이내 : 신규가입일 당시 약정이율과 만기일 현재 고시이율 중 낮은 이율
- 1개월초과 : 보통예금이율",없음,제한없음,"- 3~36개월 가입가능
- 가입금액 : 100만원이상",20241219,
케이비저축은행,플러스회전식정기예금(대면),영업점,"- 1개월이내 : 신규가입일 당시 약정이율과 만기일 현재 고시이율 중 낮은 이율
- 1개월초과 : 보통예금이율",-만 65세이상 첫가입시 최초 1계좌에 한하여 우대금리 연 0.1%p적용,제한없음,"- 가입기간 36개월로 매 회전주기(1년)마다 자동회전되는 회전정기예금(변동금리상품)
- 가입금액 : 100만원이상",20241219,
케이비저축은행,플러스회전식정기예금,스마트폰,"- 1개월이내 : 신규가입일 당시 약정이율과 만기일 현재 고시이율 중 낮은 이율
- 1개월초과 : 보통예금이율",없음,제한없음,"- 가입기간 36개월로 매 회전주기(1년)마다 자동회전되는 회전정기예금(변동금리상품)
- 가입금액 : 100만원이상",20241219,
하나저축은행,정기예금,"영업점,인터넷,스마트폰","-1개월 이내 : 약정금리와 현행 고시금리 중 낮은 금리
-1개월 초과 : 현행 고시 보통예금 금리","* 최고우대금리 : 0.2%
- 인터넷뱅킹, 모바일APP, 모바일WEB(하나디지털뱅크, 하나원큐연계), 비대면계좌개설서비스(SB톡톡)으로 가입: 0.1%
- 하나카드 휴면 6개월 이상 무실적 고객이 발급 후 3개월간 이용실적 10만원 이상 확인 시 0.1% 단,①~⑤ 모두충족 시
(자세한 사항은 홈페이지 참조)
※ 단위는 연%p",제한없음,"1. 최저가입금액 : 10만원이상

2. 중도해지금리
-1개월미만 : 보통예금 금리
-1개월이상 : 약정금리 * (경과월수 / 계약월수)*차등율
(최저금리 : 약정금리 * 50%)

-1개월이상~12개월미만(차등율:60%)
-12개월이상~24개월미만(차등율:70%)
-24개월이상(차등율:80%)",20241025,
하나저축은행,1Q 비대면정기예금,"인터넷,스마트폰","-1개월 이내 : 약정금리와 현행 고시금리 중 낮은 금리
-1개월 초과 : 현행 고시 보통예금 금리",없음,제한없음,"1. 최저가입금액 : 10만원이상

2. 중도해지금리
-1개월미만 : 보통예금 금리
-1개월이상 : 약정금리 * (경과월수 / 계약월수)*차등율
(최저금리 : 약정금리 * 50%)

-1개월이상~12개월미만(차등율:60%)
-12개월이상~24개월미만(차등율:70%)",20241025,
하나저축은행,비대면 세바퀴정기예금(1년단위 변동금리상품),"인터넷,스마트폰","-1개월 이내 : 약정금리와 현행 고시금리 중 낮은 금리
-1개월 초과 : 현행 고시 보통예금 금리",없음,제한없음,"1. 회전주기 (매1년)마다 계약기간 이내에서 이자율 변동 및 이자를 지급하는 장기 정기예금(12개월 변동금리)

2. 최저가입금액 : 10만원이상

3. 중도해지금리
-1개월미만 : 보통예금 금리
-1개월이상 : 약정금리 * (경과월수 / 계약월수)*차등율
(최저금리 : 약정금리 * 50%)

-1개월이상~12개월미만(차등율:60%)",20241025,
하나저축은행,세바퀴정기예금(1년단위 변동금리상품),"영업점,인터넷,스마트폰","-1개월 이내 : 약정금리와 현행 고시금리 중 낮은 금리
-1개월 초과 : 현행 고시 보통예금 금리","세바퀴 정기예금 가입시 0.1%
인터넷뱅킹,모바일APP,모바일WEB(하나디지털뱅크, 하나원큐연계)으로 가입시 0.1%",제한없음,"1. 회전주기 (매1년)마다 계약기간 이내에서 이자율 변동 및 이자를 지급하는 장기 정기예금(12개월 변동금리)

2. 최저가입금액 : 10만원이상

3. 중도해지금리
-1개월미만 : 보통예금 금리
-1개월이상 : 약정금리 * (경과월수 / 계약월수)*차등율
(최저금리 : 약정금리 * 50%)

-1개월이상~12개월미만(차등율:60%)",20241025,
제이티친애저축은행,회전식 정기예금(변동금리상품),영업점,"-1개월 이내 해지시 : 약정이율 적용
-1개월 초과 이후 해지시 : 보통예금 금리 적용",없음,제한없음,"1. 가입기간 : 36개월 ~ 60개월만 가능
2. 적용금리(약정금리)
- 가입시점 : 개설일 기준의 영업점 및 홈페이지에 고시한 이율적용
- 회전기간 도래시점 :(변동금리상품_회전주기(매 1년)마다 약정이율 변동) 회전당일 기준의 영업점 및 홈페이지에 고시한 이율적용
3. 중도해지이자율
- 기간별 차등적용(당사홈페이지 참조)",20241210,
제이티친애저축은행,비대면 회전식 정기예금(변동금리상품),"인터넷,스마트폰","-1개월 이내 해지시 : 약정이율 적용
-1개월 초과 이후 해지시 : 보통예금 금리 적용",없음,제한없음,"1. 가입기간 : 36개월 ~ 60개월만 가능
2. 적용금리(약정금리)
- 가입시점 : 개설일 기준의 영업점 및 홈페이지에 고시한 이율적용
- 회전기간 도래시점 :(변동금리상품_회전주기(매 1년)마다 약정이율 변동) 회전당일 기준의 영업점 및 홈페이지에 고시한 이율적용
3. 중도해지이자율
- 기간별 차등적용(당사홈페이지 참조)",20241210,
제이티친애저축은행,정기예금,영업점,"-1개월 이내 해지시 : 약정이율 적용
-1개월 초과 이후 해지시 : 보통예금 금리 적용",없음,제한없음,없음,20241210,
제이티친애저축은행,비대면 정기예금,"인터넷,스마트폰","-1개월 이내 해지시 : 약정이율 적용
-1개월 초과 이후 해지시 : 보통예금 금리 적용",없음,제한없음,없음,20241210,
신한저축은행,정기예금,영업점,"- 1개월 이내 : 약정금리
- 1개월 초과 : 보통예금금리",없음,제한없음,#NAME?,20241128,
신한저축은행,더드림정기예금,영업점,"- 1개월 이내 : 약정금리
- 1개월 초과 : 보통예금금리",없음,제한없음,"-가입기간이 3년,4년,5년인 회전식 정기예금
-회전주기(매1년)마다 자동회전
-회전되는 시기의 정기예금 고시금리+0.1%
-중도해지시 회전주기 완료기간에 대해 약정이율 적용
-이자지급방식: 단리식(매월지급), 복리식(회전주기 1년마다 이자지급)
-가입방법: 영업점 방문
-해지방법: 영업점 방문 또는 온라인채널",20241128,
신한저축은행,e-정기예금,인터넷,"- 1개월 이내 : 약정금리
- 1개월 초과 : 보통예금금리",없음,개인,"- 이자지급방식 : 단리식(매월지급), 복리식(만기일시지급)
- 가입방법 : 인터넷홈페이지
- 해지방법 : 인터넷홈페이지/모바일앱에 접속하여 해약
- e-정기예금, s-정기예금, e-더드림정기예금, s-더드림정기예금 1인당 통합 한도 5억",20241128,
신한저축은행,e-더드림정기예금,인터넷,"- 1개월 이내 : 약정금리
- 1개월 초과 : 보통예금금리",없음,개인,"-가입기간이 3년,4년,5년인 회전식 정기예금
-회전주기(매1년)마다 자동회전
-회전되는 시기의 e-정기예금 고시금리+0.1%
-중도해지시 회전주기 완료기간에 대해 약정이율 적용
-이자지급방식: 단리식(매월지급), 복리식(회전주기 1년마다 이자지급)
-가입방법: 인터넷홈페이지
-해지방법: 온라인채널
-온라인 정기예금 1인당 통합한도 5억",20241128,
신한저축은행,s-정기예금,스마트폰,"- 1개월 이내 : 약정금리
- 1개월 초과 : 보통예금금리",없음,개인,"- 이자지급방식 : 단리식(매월지급), 복리식(만기일시지급)
- 가입방법 : 모바일앱
- 해지방법 : 인터넷홈페이지/모바일앱에 접속하여 해약
- e-정기예금, s-정기예금, e-더드림정기예금, s-더드림정기예금 1인당 통합 한도 5억
- 2023.02.13 smart-정기예금에서 s-정기예금으로 상품명 변경",20241128,
신한저축은행,s-더드림정기예금,스마트폰,"- 1개월 이내 : 약정금리
- 1개월 초과 : 보통예금금리",없음,개인,"-가입기간이 3년,4년,5년인 회전식 정기예금
-회전주기(매1년)마다 자동회전
-회전되는 시기의 s-정기예금 고시금리+0.1%
-중도해지시 회전주기 완료기간에 대해 약정이율 적용
-이자지급방식: 단리식(매월지급), 복리식(회전주기 1년마다 이자지급)
-가입방법: 모바일앱
-해지방법: 온라인채널
-온라인 정기예금 1인당 통합한도 5억",20241128,
웰컴저축은행,정기예금,영업점,"- 만기 후 1개월 이하 : 가입 당시 약정금리나 만기시점의 동일 상품·계약기간의 신규약정금리 중 낮은 금리 적용
(만기시점의 동일 상품·계약기간이 없을 경우 : 가입 당시 약정금리)
- 만기 후 1개월 초과 : 연 0.1%",-,제한없음,영업점 전용상품,20241213,
웰컴저축은행,웰뱅 회전 정기예금,영업점,"- 만기 후 1개월 이하 : 마지막 회전주기의 약정금리나 만기시점의 동일 상품·계약기간의 신규약정금리 중 낮은 금리 적용
(만기시점의 동일 상품·계약기간이 없을 경우 : 가입 당시 약정금리)
- 만기 후 1개월 초과 : 연 0.1%",-,제한없음,영업점 전용상품,20241213,
웰컴저축은행,e-정기예금,인터넷,"- 만기 후 1개월 이하 : 가입 당시 약정금리나 만기시점의 동일 상품·계약기간의 신규약정금리 중 낮은 금리 적용
(만기시점의 동일 상품·계약기간이 없을 경우 : 가입 당시 약정금리)
- 만기 후 1개월 초과 : 연 0.1%",-,제한없음,인터넷뱅킹 전용상품,20241213,
웰컴저축은행,웰뱅 회전 e-정기예금,인터넷,"- 만기 후 1개월 이하 : 마지막 회전주기의 약정금리나 만기시점의 동일 상품·계약기간의 신규약정금리 중 낮은 금리 적용
(만기시점의 동일 상품·계약기간이 없을 경우 : 가입 당시 약정금리)
- 만기 후 1개월 초과 : 연 0.1%",-,제한없음,인터넷뱅킹 전용상품,20241213,
웰컴저축은행,m-정기예금,스마트폰,"- 만기 후 1개월 이하 : 가입 당시 약정금리나 만기시점의 동일 상품·계약기간의 신규약정금리 중 낮은 금리 적용
(만기시점의 동일 상품·계약기간이 없을 경우 : 가입 당시 약정금리)
- 만기 후 1개월 초과 : 연 0.1%",-,제한없음,스마트(모바일)뱅킹 전용상품,20241213,
웰컴저축은행,웰뱅 회전 m-정기예금,스마트폰,"- 만기 후 1개월 이하 : 마지막 회전주기의 약정금리나 만기시점의 동일 상품·계약기간의 신규약정금리 중 낮은 금리 적용
(만기시점의 동일 상품·계약기간이 없을 경우 : 가입 당시 약정금리)
- 만기 후 1개월 초과 : 연 0.1%",-,제한없음,스마트(모바일)뱅킹 전용상품,20241213,
오케이저축은행,OK정기예금,영업점,"만기 후 1개월 이하 약정이율 혹은 만기시점 해당상품 이율 중 낮은 이율, 만기 후 1개월 초과 시 부터 0.1%",당행 보통예금(활동계좌) 보유 시 +0.1%p,제한없음,-,20241211,
오케이저축은행,OK e-정기예금,"인터넷,스마트폰","만기 후 1개월 이하 약정이율 혹은 만기시점 해당상품 이율 중 낮은 이율, 만기 후 1개월 초과 시 부터 0.1%",없음,제한없음,-,20241211,
오케이저축은행,OK안심정기예금(변동금리),영업점,"만기 후 1개월 이하 약정이율 혹은 만기시점 해당상품 이율 중 낮은 이율, 만기 후 1개월 초과 시 부터 0.1%",당행 보통예금(활동계좌) 보유 시 +0.1%p,제한없음,3년제 정기예금으로 가입 후 매 1년 마다 해당시점 금리로 자동연장되는 변동금리 상품. 매 1년 경과 후 중도해지 시 가입일부터 1년 경과 시점까지는 정상이율을 적용함,20241211,
오케이저축은행,OK e-안심정기예금(변동금리),"인터넷,스마트폰","만기 후 1개월 이하 약정이율 혹은 만기시점 해당상품 이율 중 낮은 이율, 만기 후 1개월 초과 시 부터 0.1%",없음,제한없음,3년제 정기예금으로 가입 후 매 1년 마다 해당시점 금리로 자동연장되는 변동금리 상품. 매 1년 경과 후 중도해지 시 가입일부터 1년 경과 시점까지는 정상이율을 적용함,20241211,
오케이저축은행,OK e-안심앱플러스정기예금(변동금리),스마트폰,"만기 후 1개월 이하: 약정이율 혹은 만기시점 해당상품 이율 중 낮은 이율, 만기 후 1개월 초과: 연0.1%",없음,개인,"*OK저축은행 모바일뱅킹앱 전용상품
*3년제 정기예금으로 가입 후 매 1년 마다 해당시점 금리로 자동연장되는 변동금리 상품. 매 1년 경과 후 중도해지 시 가입일부터 1년 경과 시점까지는 정상이율을 적용함",20241211,
오케이저축은행,OK e-안심앱플러스정기예금6 (변동금리),스마트폰,"만기 후 1개월 이하: 약정이율 혹은 만기시점 해당상품 이율 중 낮은 이율, 만기 후 1개월 초과: 연0.1%",없음,개인,"*OK저축은행 모바일뱅킹앱 전용상품
*6개월 회전식 정기예금 (3년 만기 정기예금으로 가입 후 매 6개월 마다 해당시점 금리로 자동연장되는 변동금리 상품. 매 6개월 경과 후 중도해지 시 가입일부터 6개월 경과 시점까지는 정상이율을 적용함.)",20241211,
