Policy Title,Description,거주지 및 소득,기타 유익 정보,비고,사업 신청 기간,사업 운영 기간,신청 절차,연령,운영 기관,주관 기관,지원 규모(명),지원 내용,참여 제한 대상,취업 상태,특화 분야,학력
대전 전세사기피해자 지원,"대전광역시 전세사기피해자 주거안정 및 피해회복 지원※ 당해년도 예산이 소진되어 신청하신 지원금은 2025년도에 지급될 예정입니다.","❍ 지원대상 : 전세사기피해를 입은 임차인(특별법의 전세사기피해자등, 특별법 시행전 주택도시보증공사에서 전세피해확인서 발급자)❍ 지원요건 : 전세사기피해자 결정일 현재 ① 임대차계약을 체결한 피해주택의 소재지가 대전시이고, ② 대전시에 주민등록을 두고 거주하는 자",,"피해자 결정일 순으로 신청 가능(시 홈페이지 행정정보-고시/공고에서 '공고문' 참고) ※ 당해년도 예산이 소진되어 신청하신 지원금은 2025년도에 지급될 예정입니다.",상시,,"❍ 방문신청, 온라인신청- 방문신청 : 대전전세피해지원센터(중구 중앙로 101, 선화동 근현대사전시관 2층)- 온라인접수 : 정부24(www.gov.kr) 접속(본인인증)-검색창 '대전 전세사기피해자 지원'",제한없음,대전 전세피해지원센터,대전 전세피해지원센터,,"□ 주거안정지원금(최대 100만원)ㅇ 가구원수에 따라 차등 지급(1인 가구: 60만원, 2인 가구: 80만원, 3인이상 가구: 100만원)ㅇ 가구원수는 주민등록에 생계를 같이하는 가족(친족)□ 이사비용(공공임대주택 입주시, 최대 100만원)ㅇ 관내 공공임대주택 입주자가 이사업체에 지불한 비용(이사비, 사다리차 이용비, 에어컨 이전설치비 등)□ 월세(민간주택 이주시, 최대 480만원)ㅇ 경매로 인해 피해주택에서 대전시 새로운주택으로 이사한 피해자가 임대차계약서상 임대인에게 지불한 월차임 (관리비, 공과금 등은 제외)ㅇ 연속한 12개월, 월 40만원 이하 / 2회 분할 신청",,제한없음,제한없음,제한없음
경상북도 2024년도 청년 신혼부부 월세 지원사업,경상북도에서는 결혼 초기 높아진 주거비용으로 인해 주택마련에 대한 부담을 가지는 청년 신혼부부에게 월세의 일부를 지원하여 주거비용 부담을 완화하고 안정적인 주거생활 환경을 조성하고자 청년 신혼부부 월세 지원사업을 시행함,"｢경상북도 청년 기본조례｣상 청년 신혼부부*(만19세이상~만39세이하)가 월세 주택**에 주민등록상 같이 전입신고 되어 있고, 경북도 내 임차보증금 5천만원 이하면서 월세 80만원 이하에 거주하는 연소득(부부합산) 6천만원 이하인 무주택자",,2024. 11월부터 ~ 예산소진시까지,"2024년 11월  18일 ~
								2024년 12월  31일
								(예정)",,"월세 계약자*가 온라인 신청시스템**을 이용하여 월세 주소지 시군으로 신청(방문 신청 불가) *  반드시 월세 계약자가 최초로 신청해야 하며, 향후 지원 도중에 월세 계약자가 배우자로 바뀌더라도 이후 신청도 최초 신청인 아이디로 신청(서류 심사 과정에 신청인과 월세계약자 관계 확인)**  온라인 신청시스템 : 경상북도 주거복지시스템(www.gbhome.kr)에 회원가입 후 신청 신청인은 반드시 6개월*마다 구비서류를 첨부하여 신청해야 함* 신청인은 6개월(총 4회)마다 경상북도 주거복지시스템으로 최초 신청과 동일하게 신청해야 지원 가능ㅇ 1회차 마다 6개월 단위씩 월세 지원금을 신청하여야 하며, 30일*이 지나야 1개월로 인정(단, 최초 신청 이후부터는 1개월** 단위로 신청 가능)* 1개월은 30일을 충족해야 하며 다만, 2월은 28일을 충족해야 함** 1개월 단위로 분할 신청은 불가하며, 전세 및 경북도 외 지역으로 주소 변경 등으로 1개월 단위 신청이 필요한 경우 예외적으로 지급 ㅇ 신청인이 최초 신청 이후 도내 타 시군으로 주소지 변경이 있으면 지급기관을 달리*하여 복수로 신청하고, 월세 지원 신청서는 각각 지급 기관별로 작성 제출(최초 신청시에는 제외)* 전입일수가 15일 이전인 경우 새로운 거주지의 시·군으로 신청하고, 전입일수가 16일 이후인 경우 과거 거주지의 시·군으로 신청(다만, 2월은 14일 이전인 경우 새로운 거주지, 15일 이후인 경우 과거 거주지)예시) 2024. 11. 01. ~ 2025. 01. 16.까지는 포항시를 지급기관으로 3개월분 신청           2025. 01. 17. ~ 2025. 04. 30.까지는 경주시를 지급기관으로 3개월분 신청",만 19세 ~ 39세,경상북도 22개 시·군,경상북도 건축디자인과,,"청년 신혼부부가 기납부한 월세에 대해 연소득(부부합산) 구간별 차등하여 최대 월 30만원(2년)을 지원하는 방식으로 해당 보조사업자(시·군)가 신청인 본인 계좌로 반기별(6개월분) 이체※ 월별 기준으로 실제 월세금액(임차보증금, 관리비 제외)이 지원금액보다 적을 경우 실제 월세금액만 합산하여 지급","- 주택 소유자(분양권, 입주권 포함)- 청년 신혼부부 이외 직계존속·형제·자매 등과 같이 주민등록상 전입되어 있는 경우- 직계존속·형제·자매 등 2촌 이내 주택 임차(배우자의 2촌 이내 혈족 포함)- 공공주택특별법에 따른 공공임대주택(공공주택특별법 제4조 상 공공주택사업자가 공급하는 주택, 공무원연금공단 공무원임대주택 등 포함) 거주- 임차인이 법인인 경우(회사 지원 숙소 등)- 국민기초생활수급을 받고 있는 사람(생계, 의료, 주거급여 대상자)※ 단, 국민기초생활수급자 중 ‘교육급여’ 대상자는 신청 가능- 국가 또는 지자체에서 시행하는 유사 월세·전세 지원사업을 수혜 중인 사람(수혜 종료 후 신청 가능) 등※ 특히, 청년월세 한시 특별지원(국토부), 신혼부부 임차보증금 지원사업(경북도)은 제외- 국가(공사·공단·기금 포함) 및 지자체로부터 금융지원을 받는 사람※ 주거안정 월세대출, 청년전용 보증부월세대출, 버팀목전세자금, 버팀목대출 등",제한없음,"저소득층,제한없음",제한없음
광산 청년온(溫)가(家) 운영,지역 청년의 성공적인 독립을 지원하기 위하여 청년들이 함께 미래를 준비하는 주거공간 제공,-,-,"20명(남, 여 각 10명) ※ 입주시기 : 2025. 2월중",미정,2024.11.05.~2024.12.27.,붙임의 신청서식 작성 및 이메일 접수(nail-n@naver.com),제한없음,-,광산구청,"20명(남, 여 각 10명) ※ 입주시기 : 2025. 2월중",월 임대료 없음 / 입주보증금 50만원(퇴거시 환불) / 실비 수준의 공과금 본인 부담,"대학 재학 중 청년(4학년으로 졸업을 유예한 1년 이상 장기 휴학생은 가능)|본인 명의 부동산(주택,아파트,상가,원룸,오피스텔 등)을 소유하고 있는 청년|정부, 지자체의 청년임대주택에 거주하고 있는 청년|신청일 현재 기업체 입사가 예정되어 있는 청년|사업자등록이 되어 있는 청년(단, 최근 결산년도 매출이 없는 청년은 가능)|군 입대 예정인 청년|법정 전염병 등으로 공동생활에 부적합한 청년|형법 및 성폭력범죄의 처벌 등에 관한 특례법에 규정된 범죄경력자",-,-,-
(동구) 인천시 청년월세 지원사업,경제적 어려움을 겪는 청년들의 주거비용 부담 경감,"○ 거주지 : 제한없음○ 소득 : ◎ 청약통장 가입 필수(종류무관) ◎ 소득 : (청년독립가구) 기준 중위소득 60%이하 (원가구) 기준 중위소득 100% 이하◎ 재산 : (청년독립가구) 재산 122백만원 이하 (원가구) 재산 470백만원 이하◎ 주택 : 전입신고 필수 ※ 월세 임차보증금 5천만원 및 월세 70만원 이하 요건 폐지(2024.4.12.~시행)] ※ 제출된 신청서를 토대로 공적자료 조회(조사시점 기준 적용)<가구구성 방법> (청년독립가구) 청년 + 배우자 + 직계비속 + 동일 주소지에 거주하는 그 외 「민법」상 가족* (원가구) 청년독립가구 + 1촌 이내 직계혈족(부,모) * (가족의 범위, 민법§779) ❶배우자, 직계혈족 및 형제자매, ❷직계혈족의 배우자, 배우자의 직계혈족 및 배우자의 형제자매(생계를 같이하는 경우에 한함)※ 원가구(부모님) 소득·재산 미고려 : ①30세 이상 ②혼인 ③미혼부·모 ④30세 미만 미혼 청년의 소득이 중위 50% 이상으로 생계를 달리한다고 군수·구청장이 인정하는 경우○ 대상 : 인천 19~39세 이하 부모님과 별도 거주 무주택 청년 - 월세지원 신청연령은 신청년도의 출생년을 기준(19~39세가 되는 해의 1.1.~12.31.)* 신청기간 : 2024. 2. 26. ~ 2025. 2. 25.(1년간)",-,2024.2.26. ~ 2025.2.25. (1년간),"2024년 02월  26일 ~
								2025년 02월  25일",2024. 2. ~ 2025. 2.,(19세 ~ 34세) 복지로를 통한 온라인신청 및 관할 행정복지센터 방문 신청(35세 ~ 39세) 인천청년포털을 통한 온라인신청 또는 동구청(일자리경제과) 방문 신청,만 19세 ~ 39세,인천광역시 동구 일자리경제과,인천광역시 청년정책담당관,-,"지원금액 : 1인 월 20만원씩, 최대 12개월(회) 월세 지원 - 실제 납부하는 월세의 최대 20만원까지 지원(임차보증금, 관리비 등은 제외) ◎ 지 급 일 : 매월 25일 현금으로 지급 - 토요일이거나 공휴일인 경우에는 그 전날 지급 - 지원대상으로 선정될 시, 신청일 기준 당월에 지출한 월세부터 지급◎ 주거급여 수급자인 경우 전월(20일)에 지급한 주거급여를 차감하고 지급","○ 부모와 함께 거주(원가구와 세대분리하지 않은 자)하는 경우○ 주택 소유자(분양권, 입주권 포함) ○ 직계존속, 형제, 자매 등 2촌이내 주택을 임차한 경우(배우자의 2촌 이내 혈족 포함)○ 공공주택특별법에 따른 공공임대주택 거주자○ 1실(방)에 다수가 거주하는 방식의 전대차인 경우○ 전국 지자체 월세사업 또는 국토부 1차 월세사업 수혜 중인자 등(수혜종료 후 신청가능)",제한없음,제한없음,제한없음
2024년 부산시 머물자리론 (청년전세대출 대출이자지원 사업),부산광역시에서 청년들의 주거비 부담을 완화하고 안정적 주거환경을 지원하기 위해 사업 참여 청년을 모집합니다.,"- 지원대상 : 부산시 주민등록이 되어 있는 19~39세 무주택 청년 세대주(세대주 범위는 공고문 참고)※ 무주택 신혼부부(혼인예정 3개월~혼인신고일 기준 7년 이내)는 '신혼부부 주택융자 및 대출이자 지원' 대상임 바로가기※ 분양권, 입주권의 경우 잔금(대출) 실행 이후 주택 인정 - 소득기준 : 연소득 본인 60백만원 이하, 부부합산 100백만원 이하※ 소득심사는 협약은행에서 별도 실시 - 대상주택 : 임차보증금 2억원 이하이면서 전월세전환율 6.1%이하※ 건축물 대장상 주택이 아닌 곳은 불가※ 아파트를 제외한 주택유형의 경우 임대인이 신청일 기준 해당 주택 소유기간 3개월 미만인 경우, 보증신청 불가 등 협약은행 내규에 따라 협약은행에서 추가 심사 실시","유의사항1. 은행대출심사 기간을 고려, 신청기한 경과 시에는 연장신청 불가2. 연장은 1회에 한하여 2년 범위 안에서 가능3. 목적물변경(주소이전)은 연장 신청 불가.","24. 2. 1.(목) 09:00 ~ 사업비 소진 시까지매월 1일 09:00 ~ 10일 18:00 (주말, 공휴일 신청 가능)","2024년 02월  01일 ~
								2024년 12월  31일",,,만 19세 ~ 39세,부산광역시 청년정책과,부산시,,"소득별 이자 차등 지원* 미혼인 경우 본인 연소득, 기혼인 경우 부부합산 연소득 기준- 대출취급은행 : 부산은행- 대출기간 : 1년 이상, 2년 이내로서 당해 임대차 계약 만료일까지* 임대차 계약기간이 1년인 경우, 대출 실행 시 대출기간이 1년 미만이 되므로 신청 불가- 대출최대한도 : 1억원 이내(임차보증금의 90% 범위 내 → 나머지 본인 부담)* 실제 대출가능금액은 금융기관(한국주택금융공사, 부산은행) 제 규정에 따라 다르며, 부산시 자격요건에 해당되어 선정되더라도 부산은행과 한국주택금융공사에서 대출(보증)심사 및 신용평가, 소득심사는 별도 실시하며 그 결과에 따라 제외될 수 있음",,제한없음,제한없음,제한없음
경북 상주시 청년 주거 임차비 지원사업(지역 정착 창업사업 참여자 대상),청년정착(창업) 사업 참여자 대상 주거비 지원 통한 생계 보장,"상주시 청년(만 19세 ~ 39세 이하)이고, 지역 정착 창업사업 참여자",,연중상시,상시,,"이메일, 우편, 방문 접수",만 19세 ~ 39세,상주시청 미래정책실,상주시청 미래정책실,15명,"지원내용: 청년 주거 월세의 80%를 지원, 최대 30만원 한도 (1인 최대 10개월간 지원)지원대상: 상주시 청년(만 19세 ~ 39세 이하)이고, 지역 정착 창업사업 참여자※ 지역정착 창업사업: 서울시 지역연계형 청년 창업 지원사업, 청년창업 지역정착 지원사업, 청년예비창업가 육성사업, 지역주도형 청년 일자리 사업, 상주시 전통시장 빈점포 창업지원사업, 경북 상문동 로컬 업앤다운 지원사업",,"자영업자,창업자,영농종사자",지역인재,제한없음
청년월세 한시 특별지원,고금리·고물가 등으로 경제적 어려움을 겪는 청년층의 주거비 부담 경감을 위해 청년월세를 한시적으로 지원합니다.,"□ 19세~34세 독립거주 무주택 청년 중 청년가구 소득이 기준 중위소득 60% 이하이면서, 원가구 소득이 중위소득 100% 이하인 청년을 지원합니다.※ ① 30세 이상, ②혼인(이혼), ③미혼부·모, ④ 30세 미만 미혼 청년의 소득이 중위소득 50% 이상으로 생계를 달리한다고 시·군·구청장이 인정하는 경우 등은 원가구 소득 미고려○ (청년가구) 청년 + 배우자 + 직계비속 + 동일 주소지에 거주하는 그 외「민법」상 가족○ (원가구) 청년독립가구 + 1촌이내 직계혈족(부·모)",,매월,상시,,"□ 주소지 관할 주민센터에 청년 본인이 방문하거나 복지로(bokjiro.go.kr)에서 온라인으로 신청이 가능합니다.○ 방문 신청 시 청년 본인이 신청하는 것이 원칙이나, 불가피한 경우 대리인(①법정대리인 ②주민등록상 동일 세대원(동거인 제외) ③동일 세대원이 아닌 배우자 및 직계존·비속)도 신청이 가능하며, 해당 경우에도 월세는 청년 본인 계좌로 지급됩니다.※ 대리인 신청시 위임장, 대리인 신분증(주민등록증, 운전면허증, 여권 등)을 지참 후 방문※ 다만, 압류방지통장으로 입금은 불가하며, 본인 명의의 계좌 개설이 곤란한 경우 등은 기초생활보장제도 계좌관리 원칙에 따름 □ 복지로 온라인신청 경로는 다음과 같습니다.○ 복지로 로그인 > 서비스 신청 > 복지서비스 신청 > 복지급여 신청 > 기타 > 청년월세 한시 특별지원",만 19세 ~ 34세,주거복지지원과,국토교통부,,"□ 월세로 거주하는 청년을 대상으로 실제 납부하는 임대료를 최대 240만원(월 최대 20만원)까지 최대 12개월(회) 동안 매월 분할하여 지원합니다.○ 방학기간 등으로 수급기간이 연속적이지 않더라도 지급기간 내 12개월(회)분을 지원합니다.○ 실제 월세 범위 내에서 지원하며, 임차보증금, 관리비 등은 제외 후 지원합니다.○ 주거급여 수급자의 경우 주거급여액 중 월차임분(청년 주거급여 분리지급액 포함)을 차감한 금액만 지원합니다.","아래에 해당하는 경우 지원 대상에서 제외합니다.○ 주택 소유자(분양권, 입주권 포함)○ 직계존속·형제·자매 등 2촌 이내 혈족(배우자의 2촌 이내 혈족 포함) 주택 임차○ 공공주택특별법에 따른 공공임대주택(공무원임대주택 포함) 거주○ 1실(방)에 다수가 거주하는 방식의 전대차인 경우(단, 1실에 다수가 거주하는 경우라도 임대인과 별도 임대차계약 체결 시 지원 가능)○ 국토부 또는 지자체 에서 시행하는 청년월세 지원 수혜 중인 자(수혜종료 후 신청 가능) 등",제한없음,제한없음,제한없음
의성군 신혼부부 주거비용 지원(인구늘리기시책),의성군 신혼부부에 2년간 월 10만원 이내 전세자금 대출금 이자 또는 월세자금 지원,"· 지원대상: 신청일 기준, 남편 또는 아내가 1년 이상 의성군에 주소를 두고 거주하며, 혼인신고일 이후 부부가 함께 의성군에 주민등록을 둔 결혼 1년 이하 무주택 신혼부부",,연중상시 신청접수,"2024년 01월  01일 ~
								2024년 12월  31일",,주소지 읍면사무소 방문 신청,제한없음,의성군 기획예산담당관 인구정책,의성군 기획예산담당관 인구정책,,"· 신청기간: 혼인신고일로부터 6개월 이내· 지원금액: 최대 240만원- 2년간 월 10만원 이내 전세자금 대출금 이자 또는 월세자금 지원※ 상반기 7월, 하반기 12월 지급",,제한없음,"여성,저소득층,농업인,지역인재,제한없음",제한없음
대전시 전세사기피해주택 안전관리(소방점검) 지원,피해주택에 안전한 주거 환경을 조성하여 임차인의 생명 및 재산 보호,"○ 대상 : 관내 전세사기피해주택으로 아래를 모두 충족하는 주택- 연면적 600㎡이상 복합건축물으로 3급 소방안전관리대상물 - 소유자가 구속, 잠적 등 소방 자체점검 이행이 어려운 다가구주택 - 법령에서 정한 정기점검 기간이 이미 경과하였거나 점검유예한 주택",,2024.09.01. ~ 2024.12.31.,"2024년 09월  01일 ~
								2024년 12월  31일",,"- 방문신청 : 대전전세피해지원센터(중구 중앙로 101, 선화동 근현대사전시관 2층)- 온라인신청 : 정부24(www.gov.kr) 접속(본인인증)-검색창 ' 전세사기피해주택 안전관리(소방점검) 지원'",제한없음,대전전세피해지원센터,대전전세피해지원센터,,"○ 지원내용 : 소방시설 작동점검 (비용부담 없음)○ 추진방법 : 관계인 입회 하에 관내 소방시설관리협회가 소방점검 협조",※ 피해주택이 LH 또는 대전도시공사에서 매입 추진 중이거나 소유권이전 주택은 제외,"재직자,자영업자,미취업자,프리랜서,일용근로자,창업자,단기근로자,영농종사자",저소득층,"고졸 미만,고교 재학,고졸 예정,고교 졸업,대학 재학,대졸 예정,대학 졸업,석·박사"
미혼청년 주거급여 분리지급,21년도부터 수급가구 내 부모와 떨어져 사는 청년 대상에게 주거급여를 별도로 지급,"- 소득인정액이 기준중위소득* 48% 이하- 임차급여 또는 수선유지급여를 지급받는 수급가구 내 만19세 이상 30세 미만의 미혼자녀- 청년명의의 임대차계약을 체결하고 임차료를 지불하는 청년(전입신고 필수)- 주거급여 수급가구의 부모와 청년이 주민등록상 시·군을 달리하는 경우 인정※ 보장기관이 인정하는 경우 예외 가능",,상시모집,상시,,"○ 신청방법- 주민등록 주소지 읍면동 행정복지센터 방문접수 또는 복지로(www.bokjiro.go.kr) 인터넷 접수",제한없음,한국토지주택공사,국토교통부,,"○ 임차가구- 지역 및 가족 수에 따라 산정한 기준임대료를 상한으로 실제 임차료(월 임차료+보증금 환산액)을 지원 ○ 자가가구- 주택의 노후도에 따라 도배, 난방, 지붕 등 종합적인 수리를 지원",,"재직자,자영업자,미취업자,프리랜서,일용근로자,창업자,단기근로자,영농종사자","중소기업,여성,저소득층,장애인,농업인,군인,지역인재","고졸 미만,고교 재학,고졸 예정,고교 졸업,대학 재학,대졸 예정,대학 졸업,석·박사"
고흥 청년 디딤돌 주거안정 지원,주거비 부담으로 어려움을 겪는 청년들의 경제적 자립기반 구축을 위해 추진하는 2024년 『고흥청년 디딤돌 주거안정 지원사업』을 아래와 같이 공고합니다.,"1. (연령) 신청일 현재 18세 ~ 49세인 청년 2. (주소) 신청일 현재 주민등록상 주소지가 고흥군이면서 6개월 이상           거주한 무주택자 3. (주거) 전용면적 85㎡ 이하의 주택 거주자 ○ 월세보증금 2천만원 이하, 월임대료 60만원 이하 ○ 청년(신청인) 본인 명의로 관내 주택 임대 ○ 월임대료 납부내역은 계좌이체, 무통장 입금내역 등을 확인 4. (소득) 2023년 1년 평균 가구 소득인정액이 기준중위소득 180% 이하 ○ 소득이 없을 경우 국세청 사실증명원 등 소득이 없다는 증빙서류 필요",,2024. 1 ~ 12,"2024년 01월  01일 ~
								2024년 12월  31일",,"○ 방문 신청- 주민센터 : 주소지 관할 읍면동 주민센터에 방문 신청○ (신청기간) 수시(예산소진 시)○ (신청주체) 신청자 본인 직접 신청이 원칙    - 부득이 방문이 어려운 경우, 우편 신청 가능○ (방  법) 평일 근무시간 내(09:00~18:00) 방문 신청접수처○ 신청자 주민등록상 주소지 관할 읍·면사무소",제한없음,인구정책실,고흥군청,40 세대,"신청일 직전 6개월부터, 월 임대료 최대 20만원  ※ 신청인이 월 임대료 납부 증명서 제출(임대차계약서에 표기된 월세금액만 지원)  - 연 최대 240만원/24개월지원기간: 2년간 지원 가능(최대 480만원/생애 1회)","○ 기존 고흥 청년 디딤돌 주거안정 지원사업 선정 대상자 ○ 저소득층 주거급여 대상자  ○ 기타 정부 및 지자체 유사 사업 대상자 ○ 임대인이 ‘가족관계등록부’에 등재된 신청인의 부모인 경우 ○ 주택 소유자, 분양권 또는 조합원 입주권이 있는 사람     ※ 사업 신청일 이전에 지원을 종료한 경우 신청 가능","재직자,자영업자,미취업자,프리랜서,일용근로자,창업자,단기근로자,영농종사자","중소기업,여성,저소득층,장애인,농업인,군인,지역인재","고졸 미만,고교 재학,고졸 예정,고교 졸업,대학 재학,대졸 예정,대학 졸업,석·박사"
(연수구) 인천시 청년월세 지원사업,경제적 어려움을 겪는 청년들의 주거비용 부담 경감,"◎ 청약통장 가입 필수(종류무관) ◎ 소득 : (청년독립가구) 기준 중위소득 60%이하 (원가구) 기준 중위소득 100% 이하◎ 재산 : (청년독립가구) 재산 122백만원 이하 (원가구) 재산 470백만원 이하◎ 주택 : 전입신고 필수 ※ 월세 임차보증금 5천만원 및 월세 70만원 이하 요건 폐지(2024.4.12.~시행)] ※ 제출된 신청서를 토대로 공적자료 조회(조사시점 기준 적용)<가구구성 방법> (청년독립가구) 청년 + 배우자 + 직계비속 + 동일 주소지에 거주하는 그 외 「민법」상 가족* (원가구) 청년독립가구 + 1촌 이내 직계혈족(부,모) * (가족의 범위, 민법§779) ❶배우자, 직계혈족 및 형제자매, ❷직계혈족의 배우자, 배우자의 직계혈족 및 배우자의 형제자매(생계를 같이하는 경우에 한함)※ 원가구(부모님) 소득·재산 미고려 : ①30세 이상 ②혼인 ③미혼부·모 ④30세 미만 미혼 청년의 소득이 중위 50% 이상으로 생계를 달리한다고 군수·구청장이 인정하는 경우○ 대상 : 인천 19~39세 이하 부모님과 별도 거주 무주택 청년 - 월세지원 신청연령은 신청년도의 출생년을 기준(19~39세가 되는 해의 1.1.~12.31.)* 신청기간 : 2024. 2. 26. ~ 2025. 2. 25.(1년간)",-,2024.2.26. ~ 2025.2.25. (1년간),"2024년 02월  26일 ~
								2025년 02월  25일",2024. 2. ~ 2025. 2.,"(19세 ~ 34세) 복지로를 통한 온라인신청 및 관할 행정복지센터 방문 신청(35세 ~ 39세) 인천청년포털을 통한 온라인신청 또는 관할 행정복지센터 방문 신청",만 19세 ~ 39세,인천광역시 연수구 경제산업과,인천광역시 청년정책담당관,-,"지원금액 : 1인 월 20만원씩, 최대 12개월(회) 월세 지원 - 실제 납부하는 월세의 최대 20만원까지 지원(임차보증금, 관리비 등은 제외)◎ 지 급 일 : 매월 25일 현금으로 지급 - 토요일이거나 공휴일인 경우에는 그 전날 지급 - 지원대상으로 선정될 시, 신청일 기준 당월에 지출한 월세부터 지급◎ 주거급여 수급자인 경우 전월(20일)에 지급한 주거급여를 차감하고 지급","○ 부모와 함께 거주(원가구와 세대분리하지 않은 자)하는 경우○ 주택 소유자(분양권, 입주권 포함) ○ 직계존속, 형제, 자매 등 2촌이내 주택을 임차한 경우(배우자의 2촌 이내 혈족 포함)○ 공공주택특별법에 따른 공공임대주택 거주자○ 1실(방)에 다수가 거주하는 방식의 전대차인 경우○ 전국 지자체 월세사업 또는 국토부 1차 월세사업 수혜 중인자 등(수혜종료 후 신청가능)",제한없음,제한없음,제한없음
청년월세 지원사업,경제적 어려움을 겪는 청년들의 주거비용 부담 경감,"◎ 청약통장 가입 필수(종류무관) ◎ 소득 : (청년독립가구) 기준 중위소득 60%이하 (원가구) 기준 중위소득 100% 이하 (자세한 내용은 FAQ참고)◎ 재산 : (청년독립가구) 재산 122백만원 이하 (원가구) 재산 470백만원 이하◎ 주택 : 전입신고 필수 　　　　　 ※ 기존 월세 임차보증금 5천만원 및 월세 70만원 이하 요건 폐지(2024.4.12.~)] ※ 제출된 신청서를 토대로 공적자료 조회(조사시점 기준 적용)<가구구성 방법> (청년독립가구) 청년 + 배우자 + 직계비속 + 동일 주소지에 거주하는 그 외 「민법」상 가족* (원가구) 청년독립가구 + 1촌 이내 직계혈족(부,모) * (가족의 범위, 민법§779) ❶배우자, 직계혈족 및 형제자매, ❷직계혈족의 배우자, 배우자의 직계혈족 및 배우자의 형제자매(생계를 같이하는 경우에 한함)※ 원가구(부모님) 소득·재산 미고려 : ①30세 이상 ②혼인(이혼) ③미혼부·모 ④30세 미만 미혼 청년의 소득이 중위 50% 이상으로 생계를 달리한다고 군수·구청장이 인정하는 경우○ 대상 : 인천 19~39세 이하 부모님과 별도 거주 무주택 청년 - 월세지원 신청연령은 신청년도의 출생년을 기준(19~39세가 되는 해의 1.1.~12.31.) * 19~34세 : 국토부(전국) 청년월세 한시특별 지원 / 35~39세 : 인천형 청년월세 지원",-,2024.2.26. ~ 2025.2.25. (1년간) * 2024년 신청 가능 출생연도 : 1984년 ~ 2005년 * 2025년 신청 가능 출생연도 : 1985년 ~ 2006년,"2024년 02월  26일 ~
								2025년 02월  25일",2024. 2. ~ 2025. 2. * 신청기간 : 2024. 2. 26. ~ 2025. 2. 25.(1년간),"(19세 ~ 34세(1989년~2005년)) 복지로를 통한 온라인신청 및 관할 행정복지센터 방문 신청 (35세 ~ 39세(1984년~1988년)) 인천청년포털을 통한 온라인신청 또는 관할 행정복지센터 방문 신청※ (공통사항) 단, 동구(일자리경제과), 부평구(일자리창출과)는 행정복지센터(주민센터)가 아닌 구청에서 접수",만 19세 ~ 39세,인천광역시 10개 군·구(하단 문의처 참고),인천광역시 청년정책담당관,-,"지원금액 : 1인 월 20만원씩, 최대 12개월(회) 월세 지원 - 실제 납부하는 월세의 최대 20만원까지 지원(임차보증금, 관리비 등은 제외)◎ 지 급 일 : 매월 25일 현금으로 지급 - 토요일이거나 공휴일인 경우에는 그 전날 지급 - 지원대상으로 선정될 시, 신청일 기준 당월에 지출한 월세부터 지급◎ 주거급여 수급자인 경우 전월(20일)에 지급한 주거급여를 차감하고 지급","○ 부모와 함께 거주(원가구와 세대분리하지 않은 자)하는 경우○ 주택 소유자(분양권, 입주권 포함)○ 직계존속, 형제, 자매 등 2촌이내 주택을 임차한 경우(배우자의 2촌 이내 혈족 포함)○ 공공주택특별법에 따른 공공임대주택 거주자○ 1실(방)에 다수가 거주하는 방식의 전대차인 경우○ 전국 지자체 월세사업 또는 국토부 1차 월세사업 수혜 중인자 등 (수혜종료 후 신청가능 : 기존사업 수혜 완료자 ""복지로""에서 신청 시 시스템상 '자격중지' 요청 필요- 하단 각 군·구 담당자 문의)",제한없음,제한없음,제한없음
청년행복주택(청년을 위한 공적임대주택 공급),청년들의 주거복지 실현을 위해 청년공공임대주택(청년행복주택) 사업 및 청년 공공지원 민간주택임대 사업 실시,*입주자 모집공고 확인,,"수시 모집 (해당 입주자 모집공고 확인)",상시,,- LH청약센터 -> 임대주택 -> '행복주택' 클릭,만 19세 ~ 39세,LH공사,국토교통부 민간임대정책과,*입주자 모집공고 확인,"- 청년들의 주거복지 실현을 위해 청년공공임대주택(청년행복주택, 청년전세임대주택) 사업과 청년 공공지원 민간주택임대(청년매입임대_다가구) 사업 실시- 시세 대비 저렴한 임대료 및 보증금과 안정적인 거주 기간 등을 보장",*입주자 모집공고 확인,제한없음,"(공공임대 - 청년전세임대) 대학생, 취업준비생","(공공임대) 사회초년생, 대학생, 취업준비생 (공공지원민간임대) 무주택 청년"
소셜믹스형 공공임대주택 (청년주택),주거 및 자립기반이 취약한 청년층의 성장지원을 위한 주택 공급,"서울시 거주공고문 필히 참고",,수시,미정,,모집공고를 통한 신청자 접수,만 19세 ~ 39세,02-2627-2587,금천구청 일자리청년과,,주거 및 자립기반이 취약한 청년층의 주거 공급,,제한없음,제한없음,제한없음
G밸리 하우스 (청년주택),"주거 및 자립기반이 취약한 청년층의 성장지원을 위해 청년 맞춤형 공공임대주택인 G밸리 하우스를 청년기업인, 근로자, 예술인에게 공급","서울시 거주추후 공고문 참고",,미정,미정,,모집공고를 통한 신청자 접수,만 19세 ~ 39세,주관기관과 동일,금천구청 일자리청년과 청년동행팀,,주거 및 자립기반이 취약한 청년층의 주거 공급,,제한없음,제한없음,제한없음
2024년 전세피해 주택임차인 이사비 지원사업 안내,전북특별자치도 전세사기등 피해자들의 주거 불안 해소 및 주거 안정 지원을 도모하기 위한 「전북특별자치도 전세피해 주택임차인 이사비 지원사업」을 다음과 같이 공고합니다.,"□ 아래 요건을 모두 충족하는 자○「전세사기피해자특별법」상 전세사기피해자(등)으로 결정된 자 또는 전세피해확인서 발급자(HUG)○ 신청일 현재 전북특별자치도내에 소재한 공공임대주택으로 이주하여 주민등록을 두고 실제 거주하는 자○ 이주주택 임대차 계약서 상 임차인은 본 사업 신청인과 동일인일 것",-,2024-07-08(월) 부터 예산 소진시까지,상시,-,구비서류 지참 후 전북특별자치도 방문 또는 등기우편,제한없음,전북특별자치도,전북특별자치도,-,가구당 이주비 최대 160만원 실비 지원(1회에 한함),-,-,-,-
주택임차보증금 이자지원사업,세종시 청년들의 주거부담 완화와 안정적인 주거생활 지원,"□ 19세~39세 무주택 청년 신혼부부 혹은 미혼청년으로 세종시 거주자(전입예정자 포함)※ 사업신청 후 대출시에도 나이요건이 충족되어야 하고, 전입예정자는 대출 실행일로부터 1개월 이내 전입신고 하여야 함.  □ 신규 임차계약 예정자 또는 신규임차계약자(잔금 미납상태, 계약서상 잔금지급일이 결과발표일로터 90일 이내인 자)※ 임차지에 전입신고를 완료하였거나, 기존에 살던 주택의 갱신계약(예정)자의 경우 지원불가 □ 유형별 자격요건❍ 대학(원)생, 취업준비생① 미혼 청년② 본인 연소득 4,500만원 이하인 자③ 부모 합산 연소득이 7,000만원 이하인 자❍ 직장인(취·창업자)① 미혼 청년 ② 건강보험에 가입한 직장에 재직중인 자 또는 개인사업자 등③ 본인 연소득이 4,500만원 이하인 자❍ 신혼부부① 부부 모두 무주택 청년(19~39세 이하)인 부부② 혼인관계증명서 상 혼인신고일 기준 7년 미만③ 부부 합산 연소득이 7,000만원 이하 ※ [필독] 기본적으로 전년도 소득증빙자료로 선정여부를 결정하나, 금년도 은행 대출시에도 연령·소득요건은 반드시 유지해야 함","□ 신청·접수 문의 : 세종시청 청년정책담당관(044-300-6033, 6034)□ 사업 문의 : 세종청년희망내일센터 ☎ 1533-1934□ 대출가능여부 조회, 대출심사 및 대출문의 : 하나은행 5개소- 세종지점 ☎ 864-1121- 세종시청출장소 ☎ 866-1111- 아름지점 ☎ 862–2111- 한누리지점 ☎ 867-1111- 조치원지점 ☎ 865-1111","2024. 6. 3 ~ 예산 소진 시까지※ 신청일 : 매월 1일 ~ 10일까지 신청 가능※ 자격 검증을 통한 선정 결과, 2024년 모집인원이 충족되면 접수가 마감됩니다.","2024년 06월  03일 ~
								2024년 12월  31일",-,"□ 신청방법 : 직접방문(시청4층 청년정책담당관) 또는 온라인 신청- 정부24*(https://www.gov.kr/)를 통해 신청서 작성 및 구비서류 첨부* 정부24/보조금24/(세종시)청년 주택임차보증금 이자지원 검색/신청(신청절차 첨부물 확인)※ 로그인시 회원가입 또는 본인인증이 필요하며, 발급원본과 사본제출 서류를 저장·스캔‧촬영(PDF·JPG파일) 후 시스템 내 첨부",만 19세 ~ 39세,-,-,-,"□ 지원내용 : 주택 임차보증금에 대한 대출추천과 이자지원□ 대출한도 : 최대 1억원(임차보증금의 90%범위 내)※ 대출심사시 개인 신용도 등에 따라 한도가 낮아질 수 있음□ 은행금리 : 신잔액 cofix(6개월) + 가산금리 2.3% ※ 은행금리는 6개월 단위로 변동하며, 대출연장시에는 해당 연도의 가산금리 적용□ 자부담 : 은행금리(변동금리) - 4.1%(市 지원)※ 대출보증료(대출금×약 0.02%)와 인지세(5천만원 초과시 35천원)는 본인부담□ 대출기간 : 임대차계약 기간내에서 2년 이내(만기 일시상환)□ 대출연장 : 연장시 최초 대출금의 10% 이상 상환하며, 1회당 2년 이내, 2회까지 가능, 최장 6년□ 취급은행 : 하나은행(5개소)※ 세종지점(소담동, 세종시청출장소), 세종한누리지점(나성동), 세종아름지점, 조치원지점□ 대상주택- 세종시 내 (반)전세 주택 또는 주거용 오피스텔로 임차보증금 한도는 미혼청년은 2억원 이하, 청년 신혼부부는 3억원 이하      ※ 반전세의 경우 전·월세전환율 6.2%를 적용하여 임차보증금 한도 요건 충족 필수- 건축물대장상 주택만 가능하며, 불법건축물, 다중주택은 지원 불가","❍ 주택소유자, 주거급여 수급자, 부·모와 임대차 계약을 체결한 자❍ 정부(공사‧공단‧기금 포함) 주거지원 사업 참여자 - 공공 임대주택 공급 : 행복주택, 전세임대주택, 매입임대주택 등 - 금융지원 : 디딤돌대출, 청년전용버팀목 전세자금 대출, 주거안정 월세대출, 중소기업 취업청년 전월세보증대출 등❍ 세종시 주거지원사업 참여자 : 청년 주거임대료 지원사업, 세종형 쉐어하우스, 산업단지 근로자 기숙사 임차비 지원사업 등",-,-,-
울산 청년 주거급여 분리지급,"취학, 구직 등의 사유로 부모와 떨어져 주거지를 달리하는 30세 미만 미혼청년에게 주거급여를 별도로 지급하여 경제적 부담 경감",○ 지원대상 : 주거급여 수급가구 내 만 19세 이상 30세 미만 미혼자녀,-,-,상시,○ 사업기간 : 2024. 1. ~ 12.,-,만 19세 ~ 29세,주관기관과 동일,울산광역시 건축정책과 주거지원팀(052-229-4415),○ 지원인원 : 214명,"○ 지원내용 : 임차료 지원○ 지원금액 : 1인 가구 최대 월 21.6만원, 4인 가구 최대 월 333만원○ 지원방법 : 매월 20일 계좌지급",-,-,-,-
울산 신정동 청년희망주택 건립사업,청년가구 주거만족도가 높은 선호지(시소유)에 특화된 설계로 건립하여 청년가구 주거 만족도 향상,-,-,-,상시,○ 사업기간 : 2022. 1. ~ 2025. 3.,-,만 18세 ~ 39세,주관기관과 동일,울산광역시 건축정책과 주거지원팀(052-229-4412),-,"○ 위 치 : 울산광역시 남구 신정동 168-2 ○ 규 모 : 부지면적 658㎡, 연면적 1,983㎡, 지하 1층 지상 5층- 1층 : 주차장- 2~ 5 층 : 청년희망주택 38호, 공유 오피스 4호 ○ 사 업 비 : 7,761백만원(국 1,601, 시 6,160)",-,-,-,-
울산 매곡산업단지 복합개발사업,산업단지 근로자의 주거불안 해소와 청년 창업을 연계할 수 있는 공공 임대주택을 공급하여 주거안정 및 일자리 창출,-,-,-,상시,○ 사업기간 : 2020. 12. ~ 2025. 12.,-,만 18세 ~ 39세,주관기관과 동일,울산광역시 건축정책과 주거지원팀(052-229-4414),-,"○ 위 치 : 북구 매곡동 884-5번지(매곡3일반산업단지 내) ○ 사업규모 : 대지 2,734.1㎡(시유지) 연면적 16,234,62㎡, 지상 17층 ○ 사업내용 : 행복주택 144호, 공영주차장 130대",-,-,-,-
울산 신축 매입약정형 임대주택 공급사업,청년·신혼부부의 주거비 부담해소를 위해 신속한 공공주택 공급 방안인 신축 매입약정형 임대주택 사업을 도입하여 주거안정 도모,-,-,-,상시,○ 사업기간 : 2024. 1. ~ 2025. 7.,-,만 18세 ~ 39세,주관기관과 동일,울산광역시 건축정책과 주거지원팀(052-229-4413),-,"○ 위 치 : 울산광역시 전역(대학가, 교통편의지역 등 주거선호도가 높은 지역) ○ 규 모 : 임대주택 120호(청년 80호, 신혼부부 40호) ○ 사 업 비 : 20,400백만원(국 7,320 / 기 9,800 / 시 3,280)",-,-,-,-
울산 양정동 청년희망주택 건립사업,청년가구 주거만족도가 높은 선호지(시소유)에 특화된 설계로 건립하여 청년가구 주거 만족도 향상,-,-,-,상시,○ 사업기간 : 2023. 5. ~ 2026. 5.,-,만 19세 ~ 39세,주관기관과 동일,울산광역시 건축정책과 주거지원팀(052-229-4412),-,"○ 위 치 : 울산광역시 북구 양정동 776-4번지 ○ 규 모 : 부지면적 534㎡, 연면적 650㎡, 지상 5층- 1층 : 주차장- 2층 : 청년희망주택 18호, 공유오피스 3호 ○ 사 업 비 : 3,100백만원(국 707 / 시 2,303)",-,-,-,-
울산 방어동 청년희망주택 건립사업,청년가구 주거만족도가 높은 선호지(시소유)에 특화된 설계로 건립하여 청년가구 주거 만족도 향상,-,-,-,상시,○ 사업기간 : 2023. 5. ~ 2026. 5.,-,만 18세 ~ 39세,주관기관과 동일,울산광역시 건축정책과 주거지원팀(052-229-4412),-,"○ 위 치 : 울산광역시 남구 방어동 481-97번지 ○ 규 모 : 부지면적 1,076㎡, 연면적 1,557㎡, 지상 5층- 1층 : 주차장- 2 ~ 5층 : 청년희망주택 36호, 공유오피스 4호 ○ 사 업 비 : 9,172백만원(국 1,594 / 시 7,578)",-,-,-,-
울산 백합 청년희망주택 건립사업,청년가구 주거만족도가 높은 선호지(시소유)에 특화된 설계 건립하여 청년가구 주거 만족도 향상,-,-,-,상시,○ 사업기간 : 2023. 5. ~ 2026. 5.,-,만 18세 ~ 39세,주관기관과 동일,울산광역시 건축정책과 주거지원팀(052-229-4412),-,"○ 위 치 : 울산광역시 남구 삼산동 1530-4 번지 ○ 규 모 : 부지면적 594㎡, 연면적 1,001㎡, 지상 5층- 1층 : 주차장- 2 ~ 5층 : 청년희망주택 23호, 공유오피스 3호 ○ 사 업 비 : 4,700백만원(국 1,107 / 시 3,593)",-,-,-,-
울산 달동 청년희망주택 건립사업,청년가구 주거만족도가 높은 선호지(시소유)에 특화된 설계로 건립하여 청년가구 주거 만족도 향상,-,-,-,상시,○ 사업기간 : 2023. 5. ~ 2026. 5.,-,만 18세 ~ 39세,주관기관과 동일,울산광역시 건축정책과 주거지원팀 (052-229-4412),-,"○ 위 치 : 울산광역시 남구 달동 1279-1 번지 ○ 규 모 : 부지면적 599㎡, 연면적 1,000㎡, 지상 5층- 1층 : 주차장- 2  ~ 5층 : 청년희망주택 25호, 공유오피스 3호 ○ 사 업 비 : 3,400백만원(국 930 / 시 2,470)",-,-,-,-
울산 삼산동 청년희망주택 건립사업,청년가구 주거만족도가 높은 선호지(시소유)에 특화된 설계로 건립하여 청년가구 주거 만족도 향상,-,-,-,상시,○ 사업기간 : 2023. 5 ~ 2026. 5,-,만 18세 ~ 39세,주관기관과 동일,울산광역시 건축정책과 주거지원팀(052-229-4412),-,"○ 위 치 : 울산광역시 남구 삼산동 1554-3번지 ○ 규 모 : 부지면적 581㎡ , 연면적 1,001㎡ , 지상 5층- 1층 : 주차장- 2  ~ 5층 : 청년희망주택 31호, 공유오피스 4호  ○ 사 업 비 : 5,000백만원(국 1,373 / 시 3,627))",-,-,-,-
울산 태화동 청년희망주택 건립사업,청년가구 주거만족도가 높은 선호지(시소유)에 특화된 설계로 건립하여 청년가구 주거 만족도 향상,-,-,-,상시,○ 사업기간 : 2022. 1. ~ 2025. 11.,-,만 18세 ~ 39세,주관기관과 동일,울산광역시 건축정책과 주거지원팀 (052-229-4412),-,"○ 위 치 : 울산광역시 중구 태화동 21 -2  ○ 규 모 :  부지면적 501㎡, 연면적 650㎡, 지상 5층- 1층 : 주차장- 2 ~ 5층 : 청년희망주택 16호, 공유오피스 3호 ○ 사 업 비 : 3,300백만원(국 708, 시 2,592)",-,-,-,-
울산 희망상가 품은 청년희망주택 건립,희망상가를 저렴한 임대료로 공급하여 청년 창업기회 제공 및 경제적으로 취약한 청년층의 주거안정 기여를 위해 청년희망주택 공급,-,-,-,상시,○ 사업기간 : 2019. 8. ~ 2024. 1.,-,만 18세 ~ 39세,주관기관과 동일,울산광역시 건축정책과 주거지원팀 (052-229-4412),-,"○ 위 치 : 울산광역시 중구 성안동 393-2 ○ 규 모 : 부지면적 1,311.6㎡, 연면적 1,805㎡, 지하 1층 지상 4층- 1층 : 희망상가(2호), 지역커뮤니티시설 - 2 ~ 4층 : 청년희망주택(36호) ○ 사 업 비 : 7,369백만원(국 2,419  시 4,950)",-,-,-,-
울산 상안지구 행복주택 건립,"사회초년생, 신혼부부 등 청년층의 주거안정 도모 / 청년층의 주거안정을 위한 저렴한 공공임대주택 공급 확대",-,-,-,상시,○ 사업기간 : 2017. ~ 2026.,-,제한없음,주관기관과 동일,울산도시공사 주택사업팀(052-219-8457),-,"○ 위 치 : 울산광역시 북구 상안동 343 일원 ○ 세 대 수 : 행복주택 102세대(신혼부부, 사회초년생 81세대, 전체새대 80%) ○ 사 업 비 : 37,965백만원(국 4,022 기금 5,363, 도시공사 28,580)",-,-,-,-
울산 북구 청년 전월세 비용 경감(청년 주거급여 분리지급),학자금 부담 등으로 어려움을 겪고 있는 청년세대에게 주거급여를 분리지급하여 안정적인 미래준비와 자립을 지원,-,-,-,상시,○ 사업기간 : 연중,-,만 19세 ~ 29세,주관기관과 동일,울산광역시 북구 노인장애인과 생활보장팀(052-241-7623),30명,"○ 대상 - 주거급여 수급가구 내 30세 미만 미혼 청년으로 부모와 행정구역을 달리해 거주하면서  청년명의로 임대차계약 체결한 사람- '24. 중위소득 기준 47% → 48% 완화 ○ 지원내용- 부모가구와 분리하여 주거급여를 별도 지급- 지역 및 가구원수 별 기준임대료 상한으로 실제 임차료 지급- '24. 1인가구 기준 지급액 203,000원 → 216,000원으로 증가",-,-,-,-
울산 북구 매곡산업단지 내 행복주택 공급 지원,산업단지 근로자의 주거불안 해소와 청년 창업을연계할 수 있는 공공임대 주택을 공급하여 주거안정 및 일자리 창출로 인한 인구 유입,-,-,-,상시,○ 사업기간 : '19. 4. ~ '26. 8.,-,만 19세 ~ 39세,"울산광역시, 한국토지주택공사",울산광역시 북구 건축정책과 주택허가팀(052-214-8022),-,"○ 사업주체 : 울산광역시, 한국토지주택공사○ 위 치 : 매곡동 884-5번지(매곡3일반산업단지 내)○ 사업규모 : 대지 2,734.1㎡(시유지) 연면적 16,234.62㎡, 지상 17층○ 세 대 수 : 행복주택 144세대(청년주택 129세대, 전체새대 90%)○ 총사업비 : 28,508백만원(국비 6,067, 시비 6,957, 기융 8,089, LH 7,395)",-,-,-,-
울산 북구 상안지구 행복주택 공급 지원,"사회초년생 및 신혼부부 등 청년층의 주거안정을 도모하며, 청년층의 주거안정을 위한 저렴한 공공임대주택의 공급을 확대하고자 함",-,-,-,상시,○ 사업기간 : '17. ~ '26.,-,만 19세 ~ 39세,울산도시공사 주택사업팀(052-219-8452),울산광역시 북구 건축정책과 주택허가팀(052-241-8022),-,"○ 사업주체 : 울산도시공사○ 위 치 : 상안동 343번지 일원(일반상업지역)○ 사업규모 : 부지면적 6,771㎡, 연면적  10,467.23㎡, 지상 9층○ 세 대 수 : 행복주택 102세대(신혼부부, 사회초년생 81세대, 전체세대 80%)○ 총사업비 : 20,154백만원(국비 4,022 기금5,363, 도시공사 10,769)",-,-,-,-
울산 동구 청년노동자 공유주택 조성사업,동구 청년노동자들에게 수요 맞춤형 공유주택 임대·공급으로 청년 노동자들의 주거안정 및 청년인구 유입 도모,○ 대 상 : 18세 이상 39세 이하 무주택 청년노동자,-,-,상시,○ 기 간 : '23. ~ 계속사업,-,만 18세 ~ 39세,주관기관과 동일,울산광역시 동구 건축주택과 주택허가팀(052-209-3792),-,"○ 지원내용 : 임대보증금 및 임대료 일부 지원○ 사업예산 : 고향사량기부금 지정기금○ 공급유형 : 민·관 협약을 통한 임대형 공유주택 공급○ 공급물량 : 2026년까지 오피스텔 57호 임대 공급",-,-,-,-
울산 동구 청년 주거급여 분리지급,"학자금, 주거비 부담 등으로 어려움을 겪고 있는 주거급여 수급가구 내 청년에게 주거급여 분리지급으로 주거비 부담 완화",○ 지원대상 : 주거급여 수급자의 19세 ~ 30세 미만의 미혼자녀,-,-,상시,○ 추진기간 : '24. 1. ~ 12.,-,만 19세 ~ 30세,주관기관과 동일,울산광역시 동구 노인장애인과 생활보장팀(052-209-3453),-,○ 지원내용 : 주거급여 수급자 부모와 별도 거주하는 미혼 청년에게 기준임대료를 상한으로 실제 지불하는 임차료 지원,-,-,-,-
울산 동구 '나 함께 산다' 청년가구 지원사업,"사회초년생 및 1인가구의 안정적인 주거정착 유도, 청년 요구에 맞는 주거정책 추진 기반 마련",○ 대 상 : 동구 거주 또는 생활 청년(18세 ~ 39세),-,-,상시,○ 사업기간 : '24. 1. ~ 12.,-,만 18세 ~ 39세,주관기관과 동일,욿산광역시 동구 일자리정책과 청년정책팀(052-209-3486),-,"○ 주요내용- '의식주' 프로젝트 : 주거제약 기초교육, 소셜 다이닝, 셀프인테리어 등 주거 생활 교육 및 체험 프로그램 운영- 청년주거생활 연구사업 : 동구 청년들의 정주여건 개선을 위한 청년주거, 생활, 복지 연구 및 네트워킹",-,-,-,-
울산 중구 청년 주거상담소 지정 운영,우리구에 거주· 생활 또는 전입 예정인 청년들의 경제적 부담 경감을 위한 공인중개사의 주거상담 및 중개보수 감면을 지원,○ 지원대상 : 중구에 거주·생활 또는 전입예정인 18세 ~ 34세 이하 청년,-,-,상시,"○ 사업기간 : '24. 1. ~ 12.※ 2019년 중구지회 협약에 따른 연장","○ 참여방법 : 재능기부 참여한 공인중개사 문의 후 신청※참여 중개업소 목록 : 울산광역시 중구 홈페이지 참고",만 18세 ~ 34세,주관기관과 동일,울산광역시 중구청 민원지적과(052-290-3485),-,"○ 지원금액 : 전·월세 환산보증금(보증금+(월차임*100)) 7,000만원 이하 주택 임대차 계약 시 임차인의 중개 수수료 50% 감면",-,-,-,-
2024년 남원시 청년주거비 지원사업 추가모집,"높은 주거비 부담으로 생활고의 어려움을 겪고 있는 청년세대에대한 임대료 부담을 완화하고, 생활안정 및 지역정착을 도모","아래의 요건을 모두 충족하는 청년❍(연령기준) 19세 ~ 45세 이하 (1979. 1. 1. ~ 2005. 12. 31. 출생자)❍(소득기준) 기준 중위소득 180% 이하 ❍(거주기준) 주민등록상 주소지가 남원시 월세주택이며, 청년이 계약 당사자(임차인)❍ (임차기준) 보증금 1억원 이하, 월세 60만원 이하의 월세 주택     ※ 건축물대장 상 주택이 아닌 곳(상가 포함), 불법건축물은 지원 불가❍(주택소유여부) 가족관계증명서의 본인 및 배우자 소유 주택이 없을 것",-,2024-06-24(월) ~ 예산 소진 시까지,"2024년 06월  24일 ~
								2024년 12월  31일",-,"- 남원시 홈페이지를 통해 청년이 직접 온라인 신청  ※ 남원시청 누리집 ⇒ 분야별정보 ⇒ 교육/복지 ⇒ 청년주거비지원",만 19세 ~ 45세,남원시,남원시,-,"- 월 최고 16만원×60개월 주거비 지원  ※ 월세가 16만원 미만인 경우 월세만큼만 지원  ※ 접수한 시점(월)으로부터 최대 5년 지원(소급적용 불가)  ※ 단, 매년 신규사업 신청을 통해 자격유지 여부 확인- 2024년 추가 모집자는 하반기분만 지원","□저소득층 주거급여 대상자□본인 및 배우자가 주택 소유자인 경우□임대인이 ‘가족관계등록부’에 등재된 신청인 또는 배우자의 부모인 경우□정부의 공급 및 관리 임대주택(LH, 주택관리공단) 거주자   - 국민임대, 행복주택, 전세임대주택, 기존주택전세임대, 사회주택 등□청년 주거정책 유사(중복)사업 참여자   - 남원시 신혼부부 및 청년 전세자금 대출이자 지원사업, 청년 월세  한시 특별 지원사업, 청년 셰어하우스 지원사업 등",-,-,-
광산구 여성 1인 가구 안심홈세트 지원사업,급증하는 여성 1인 가구의 안전한 주거환경을 조성,"광산구 거주 여성 1인 가구※ 아파트, 자가 거주자, 기 지원자 제외",☐ 문의처 : 광산구청 여성아동과 (☎ 960-3605),2024. 7. 1.(월) ~ 50세대 모집완료시까지,상시,,광산구청 여성아동과 방문 신청 또는 온라인 신청(hs89023@korea.kr),제한없음,광산구청 여성아동과,광산구청 여성아동과,50세대,"□ 안심홈 4종세트(일괄 지급)① 홈CCTV② 휴대용비상벨③ 문열림센서④ 창문 잠금장치",,-,여성 1인 가구,-
청년 1인가구 생활안전키트 지원,도봉 청년 1인 가구의 주거 안전성 향상을 위한 청년 1인 가구 생활안전키트 지원,"○ 신청자격 (아래 요건을 모두 충족하여야 함) ① 공고일 기준 본인의 주민등록상 주소지가 도봉구인 19 ~ 45세 청년 (1979. 1. 1. ~ 2005. 12. 31. 출생자) ② 2022~2023년 청년 1인 가구 생활안전키트를 지원받지 아니한 사람","○ 관련문의 도봉구청 청년미래과 청년지원팀 (☎ 02-2091-3812)",2024.06.18.(화) ~ 2024.12.31.(화),"2024년 06월  18일 ~
								2024년 12월  31일",,"○ 신청방법: 전자우편 신청 원칙 - 전자우편(jamiwa79@dobong.go.kr)으로 서류 제출 - 제출 시 메일제목은 ‘ 생활안전키트 신청서 제출(신청자성명) ’",만 19세 ~ 45세,주관기관 동일,도봉구청 청년미래과,176명,"- 주거 안전성 향상을 위한 보안물품 1인당 1회 무료 지원 ․ 생활안전키트 구성 물품(공고문 참고)",,제한없음,제한없음,제한없음
기존 주택매입 청년임대,기존 주택 매입 후 청년들에게 저렴하게 임대하여 주거비 부담 완화,"○ 거주지 : 제한없음○ 소득 : 무주택자인 미혼청년(대학생, 취업준비생, 19세이상 39세이하)  - 1순위: 생계·주거·의료급여수급자 등  - 2순위: 본인·부모 월평균소득 100%  - 3순위: 본인 월평균소득 100%○ 대상 : 19세 이상 39세 이하 무주택 미혼 청년",-,사업기간 : 2024.1~12,미정,2024.1. ~ 12.,,만 19세 ~ 39세,인천도시공사,인천광역시 주택정책과,,"○ 주변 전세가 대비 30% 이하- 전용면적 50㎡이하 다가구, 다세대, 연립주택 등*자세한 사항은 아래 참고사이트 클릭하여 확인바랍니다.",-,제한없음,제한없음,제한없음
울산 신혼부부 가구 주거비 지원사업,"주거비 부담으로 출산을 포기하는 신혼부부 가구에게 공공임대주택 주거비(임대료, 관리비)를 무상 지원하여 출산율 제고 및 주거안정 도모","□ 지원대상 : 다음 조건을 모두 만족하는 가구- 울산광역시 소재 공공임대주택에 거주중이면서 만19세~45세 이하인, 혼인기간 10년 이내 신혼부부(아래 ①~④요건 모두 만족) ① (거주요건) 울산광역시 소재 「공공주택 특별법 시행령」 제2조에 따른 공공임대주택*에 거주하고 있는 가구* 공공임대주택 : 행복주택, 국민임대, 영구임대, 10/50년임대, 매입임대, 전세임대※ 공무원연금기금으로 주택 지원 사업을 운영하는 공무원임대주택은 지원 불가 ② (신혼부부) 신청일 기준 혼인 기간 10년 이내 부부(재혼포함)③ (연령제한) 만19세 이상~만45세(78년생)이하(부부 중 연소자 나이 기준)④ (제외) 주거급여수급자, 울주군 신혼부부 주거지원 사업 대상자와 중복 지급불가",공고문 참고,2024. 1. 1.(월) ~ 수시,"2024년 01월  01일 ~
								2024년 12월  31일",-,"□ 신청 및 접수방법- (신청기간) 2024. 1. 1.(월) ~ 수시 - (신청방법) 온라인 신청 접수(https://www.ulsan.go.kr/s/house)* 온라인 신청 불가할 경우 울산광역시청 건축주택과 방문 접수 가능- (신청인) 신혼부부 중 1인 (본인 및 배우자 핸드폰 본인인증 필요)- (지원절차)  공고문 확인 → 신청(온라인) → 대상자 선정  → 지급",만 19세 ~ 45세,주관기관과 동일,울산광역시청 건축정책과 주거복지담당 (☏ 052-229-4415),-,"□ 지원내용 - (월별) 공공임대주택 월 임대료 및 자녀수에 따라 임대료와 관리비 유형별 차등지원 - (분기별) 임차보증금 이자를 지원※유형별 지원 금액 : 공고문 참고 □ 지원기간 : 혼인신고일로 부터 최대 10년간(120개월) □ 지급방법 - (정기지급) 임차료 및 관리비(매월25일, 신청인 계좌 현금 지급)- (분기지급) 임차보증금 이자는 매 분기별 서류 제출 및 확인조사 후 지급(확인조사 실시 후 1개월 내, 신청인 계좌 현금 지급)※ 임차보증금 이자 신청시 제출 서류 : 대출이자 납입증명서, 원리금납입증명서, 이자납부증명서, 대출계좌 상세거래내역서 등(거래내역 캡쳐본 인정 불가)※ 분기별 이자신청 안내 후 확인조사 기간 내 해당 분기 자료 미제출 시 지급 불가- (출산변경) ① 출산대상자 한하여, 출산 후 익월 말까지 변경신청시 출산 월 지원금 소급지급※ 예시 : (기   존) 무자녀 신혼부부로 임대료 10만원, 관리비 0만원 지원 중(변동사항)`24년 1월 출산, `24년 2월 변경신청으로 임대료 10만원, 관리비 5만원 승인(소급지급)`24년 2월분 소급기간(3월 첫째, 둘째주) ‘익월-출산월’ 잔여분 5만원 소급 지급② 소급신청 가능 기간은 출산 후 익월 말까지 가능※ 예시 (1) : `24년 1월 출산 및 `24년 2월 말까지 변경신청 → `24년 1월 잔여분 소급 가능 ※ 예시 (2) : `24년 1월 출산 및 `24년 3월 말까지 변경신청 → `24년 3월분부터 변경 지급","□ 지원 제외 대상- 주거급여 수급자  - 울주군 신혼부부 주거지원 사업 대상자* 주거비용 지원, 전세보증금 대출이자 지원- 허위자료를 제출 등으로 지원금을 부당 수령한 것이 판명된 경우",-,-,-
울산 울주군 신혼부부 주거비용 지원사업,신혼부부의 주거비용 부담을 완화하여 울주군 인구 유입을 촉진하고 결혼 및 출산을 장려하는 사회적 분위기를 조성,"□ 지원대상(아래의 조건을 모두 충족)- 신청일 기준 혼인신고 1년 이내이면서 부부 모두가 울주군에 6개월 이상 거주 중인 신혼부부- 부부합산소득이 기준중위소득 200%(7,365천원) 이하인 가구(2인 기준)",□ 기타 유의사항 : 결정 후 2년 간의 급여 수급 기간 동안 소득 증가분에 대한 불이익은 없음,연중,"2024년 01월  01일 ~
								2024년 12월  31일",-,온라인 신청,제한없음,주관기관과 동일,울산광역시 울주군 여성가족과 여성가족팀(052-204-1014),-,"□ 지원내용 : 신혼부부 가구의 소득수준에 따라 월 5~9만원 차등 지원 ⇒ 최대 2년 지원○ 기준중위소득 100% 이하 : 월 90,000원 지원○ 기준중위소득 100%초과~150% 이하 : 월 70,000원 지원○ 기준중위소득 150%초과~200%이하 : 월 50,000원 지원","□ 지원 제외 대상자- 기초 주거급여 대상자- 부부 중 1명 이상 울주군 관외로 전출- 은행 대출 규정 위반(무주택 기준 위반, 조기 상환 등)- 그 밖에 군수가 정하는 기준에 부합하지 않는 경우 등",-,-,-
울산 울주군 청년월세 한시 특별지원,경제적으로 어려움을 겪고 있는 청년층의 주거비 부담 경감을 위해 청년 임차인이 납부한 월세를 최대 20만원까지 지원하는 사업,"□ 지원대상○ (연령요건) 신청인 나이가 만19세 ~ 34세까지인 청년예) 2024. 6. 1. 신청 할 경우 1989. 6. 2. ~ 2005. 6. 1. 출생자가  해당○ (지원조건) 부모님과 별도 거주하는 무주택 청년(청약통장가입자)○ (소득요건) - 청년독립가구* 중위소득 60%이하(1인 1,337천원)- 원가구** 중위소득 100%이하(4인 5,729천원)* 청년독립가구 : 청년 + 배우자 + 직계비속 + 동일 주소지에 거주하는 그 외 「민법」상 가족** 원가구 : 청년독립가구 + 1촌이내 직계혈족(부, 모)○ (주택기준)「주택법」에 따른 “주택*” 및 “준주택**”, 그 외 거주를 목적으로 하는 시설, 임차보증금과 월세 제한 없음* 주택 : 단독주택, 아파트, 연립주택 및 다세대주택 등** 준주택 : 기숙사, 고시원, 오피스텔 등",-,2024. 2. 26.(월)부터 1년 간,"2024년 02월  26일 ~
								2025년 02월  25일",-,"- 온라인 신청 : 복지로 홈페이지(www.bokjiro.go.kr) 혹은 어플리케이션- 방문 신청 : 주소지 관할 행정복지센터",만 19세 ~ 34세,울산광역시 울주군 노인장애인과 (052-204-0943),국토교통부 (민원 콜센터 : 1600-0777),-,"□ 지원내용 : 실제 납부하는 임대료 범위 내에서 월 최대 20만원씩 12개월 동안 매월 분할 지원(생애 1회)*주거급여 수급자도 월세지원 한도액 20만원에서 주거급여액을 차감하고 지원","□ 지원제외① 주택소유자(분양권, 입주권 포함)② 직계존속‧형제‧자매 등 2촌 이내 주택 임차③ 공공주택특별법에 따른 공공임대주택 거주자④ 1실(방)에 다수가 거주하는 방식의 전대차인 경우⑤ 국토부 또는 지자체에서 시행하는 월세지원 수혜 중인 자 등",-,-,-
울산 남구 청년월세 한시 특별지원,경제적으로 어려움을 겪고 있는 청년층의 주거비 부담 경감을 위해 청년 임차인이 납부한 월세를 최대 20만원까지 지원하는 사업,"□ 지원대상○ (연령요건) 신청인 나이가 만19세 ~ 34세까지인 청년예) 2024. 6. 1. 신청 할 경우 1989. 6. 2. ~ 2005. 6. 1. 출생자가  해당○ (지원조건) 부모님과 별도 거주하는 무주택 청년(청약통장가입자)○ (소득요건) - 청년독립가구* 중위소득 60%이하(1인 1,337천원)- 원가구** 중위소득 100%이하(4인 5,729천원)* 청년독립가구 : 청년 + 배우자 + 직계비속 + 동일 주소지에 거주하는 그 외 「민법」상 가족** 원가구 : 청년독립가구 + 1촌이내 직계혈족(부, 모)○ (주택기준)「주택법」에 따른 “주택*” 및 “준주택**”, 그 외 거주를 목적으로 하는 시설, 임차보증금과 월세 제한 없음* 주택 : 단독주택, 아파트, 연립주택 및 다세대주택 등** 준주택 : 기숙사, 고시원, 오피스텔 등",-,2024. 2. 26.(월)부터 1년 간,"2024년 02월  26일 ~
								2025년 02월  25일",-,"- 온라인 신청 : 복지로 홈페이지(www.bokjiro.go.kr) 혹은 어플리케이션- 방문 신청 : 주소지 관할 행정복지센터",만 19세 ~ 34세,울산광역시 남구 노인장애인과 (052-226-6937) / 주소지 관할 행정복지센터,국토교통부 (민원 콜센터 : 1600-0777),-,"□ 지원내용 : 실제 납부하는 임대료 범위 내에서 월 최대 20만원씩 12개월 동안 매월 분할 지원(생애 1회)*주거급여 수급자도 월세지원 한도액 20만원에서 주거급여액을 차감하고 지원","□ 지원제외① 주택소유자(분양권, 입주권 포함)② 직계존속‧형제‧자매 등 2촌 이내 주택 임차③ 공공주택특별법에 따른 공공임대주택 거주자④ 1실(방)에 다수가 거주하는 방식의 전대차인 경우⑤ 국토부 또는 지자체에서 시행하는 월세지원 수혜 중인 자 등",-,-,-
울산 동구 청년월세 한시 특별지원,경제적으로 어려움을 겪고 있는 청년층의 주거비 부담 경감을 위해 청년 임차인이 납부한 월세를 최대 20만원까지 지원하는 사업,"□ 지원대상○ (연령요건) 신청인 나이가 만19세 ~ 34세까지인 청년예) 2024. 6. 1. 신청 할 경우 1989. 6. 2. ~ 2005. 6. 1. 출생자가  해당○ (지원조건) 부모님과 별도 거주하는 무주택 청년(청약통장가입자)○ (소득요건) - 청년독립가구* 중위소득 60%이하(1인 1,337천원)- 원가구** 중위소득 100%이하(4인 5,729천원)* 청년독립가구 : 청년 + 배우자 + 직계비속 + 동일 주소지에 거주하는 그 외 「민법」상 가족** 원가구 : 청년독립가구 + 1촌이내 직계혈족(부, 모)○ (주택기준)「주택법」에 따른 “주택*” 및 “준주택**”, 그 외 거주를 목적으로 하는 시설, 임차보증금과 월세 제한 없음* 주택 : 단독주택, 아파트, 연립주택 및 다세대주택 등** 준주택 : 기숙사, 고시원, 오피스텔 등",-,2024. 2. 26.(월)부터 1년 간,"2024년 02월  26일 ~
								2025년 02월  25일",-,"- 온라인 신청 : 복지로 홈페이지(www.bokjiro.go.kr) 혹은 어플리케이션- 방문 신청 : 주소지 관할 행정복지센터",만 19세 ~ 34세,울산광역시 동구 노인장애과 생활보장팀(052-209-3453) / 주소지 관할 행정복지센터,국토교통부 (민원 콜센터 : 1600-0777),-,"□ 지원내용 : 실제 납부하는 임대료 범위 내에서 월 최대 20만원씩 12개월 동안 매월 분할 지원(생애 1회)*주거급여 수급자도 월세지원 한도액 20만원에서 주거급여액을 차감하고 지원","□ 지원제외① 주택소유자(분양권, 입주권 포함)② 직계존속‧형제‧자매 등 2촌 이내 주택 임차③ 공공주택특별법에 따른 공공임대주택 거주자④ 1실(방)에 다수가 거주하는 방식의 전대차인 경우⑤ 국토부 또는 지자체에서 시행하는 월세지원 수혜 중인 자 등",-,-,-
울산 중구 청년월세 한시 특별지원,경제적으로 어려움을 겪고 있는 청년층의 주거비 부담 경감을 위해 청년 임차인이 납부한 월세를 최대 20만원까지 지원하는 사업,"□ 지원대상○ (연령요건) 신청인 나이가 만19세 ~ 34세까지인 청년예) 2024. 6. 1. 신청 할 경우 1989. 6. 2. ~ 2005. 6. 1. 출생자가  해당○ (지원조건) 부모님과 별도 거주하는 무주택 청년(청약통장가입자)○ (소득요건) - 청년독립가구* 중위소득 60%이하(1인 1,337천원)- 원가구** 중위소득 100%이하(4인 5,729천원)* 청년독립가구 : 청년 + 배우자 + 직계비속 + 동일 주소지에 거주하는 그 외 「민법」상 가족** 원가구 : 청년독립가구 + 1촌이내 직계혈족(부, 모)○ (주택기준)「주택법」에 따른 “주택*” 및 “준주택**”, 그 외 거주를 목적으로 하는 시설, 임차보증금과 월세 제한 없음* 주택 : 단독주택, 아파트, 연립주택 및 다세대주택 등** 준주택 : 기숙사, 고시원, 오피스텔 등",-,2024. 2. 26.(월)부터 1년 간,"2024년 02월  26일 ~
								2025년 02월  25일",-,"- 온라인 신청 : 복지로 홈페이지(www.bokjiro.go.kr) 혹은 어플리케이션- 방문 신청 : 주소지 관할 행정복지센터",만 19세 ~ 34세,울산광역시 중구 노인장애인과 (052-290-3587) / 주소지 관할 행정복지센터,국토교통부 (민원 콜센터 : 1600-0777),-,"□ 지원내용 : 실제 납부하는 임대료 범위 내에서 월 최대 20만원씩 12개월 동안 매월 분할 지원(생애 1회)*주거급여 수급자도 월세지원 한도액 20만원에서 주거급여액을 차감하고 지원","□ 지원제외① 주택소유자(분양권, 입주권 포함)② 직계존속‧형제‧자매 등 2촌 이내 주택 임차③ 공공주택특별법에 따른 공공임대주택 거주자④ 1실(방)에 다수가 거주하는 방식의 전대차인 경우⑤ 국토부 또는 지자체에서 시행하는 월세지원 수혜 중인 자 등",-,-,-
울산 북구 청년월세 한시 특별지원,경제적으로 어려움을 겪고 있는 청년층의 주거비 부담 경감을 위해 청년 임차인이 납부한 월세를 최대 20만원까지 지원하는 사업,"□ 지원대상○ (연령요건) 신청인 나이가 만19세 ~ 34세까지인 청년예) 2024. 6. 1. 신청 할 경우 1989. 6. 2. ~ 2005. 6. 1. 출생자가  해당○ (지원조건) 부모님과 별도 거주하는 무주택 청년(청약통장가입자)○ (소득요건) - 청년독립가구* 중위소득 60%이하(1인 1,337천원)- 원가구** 중위소득 100%이하(4인 5,729천원)* 청년독립가구 : 청년 + 배우자 + 직계비속 + 동일 주소지에 거주하는 그 외 「민법」상 가족** 원가구 : 청년독립가구 + 1촌이내 직계혈족(부, 모)○ (주택기준)「주택법」에 따른 “주택*” 및 “준주택**”, 그 외 거주를 목적으로 하는 시설, 임차보증금과 월세 제한 없음* 주택 : 단독주택, 아파트, 연립주택 및 다세대주택 등** 준주택 : 기숙사, 고시원, 오피스텔 등",-,2024. 2. 26.(월)부터 1년 간,"2024년 02월  26일 ~
								2025년 02월  25일",-,"- 온라인 신청 : 복지로 홈페이지(www.bokjiro.go.kr) 혹은 어플리케이션- 방문 신청 : 주소지 관할 행정복지센터",만 19세 ~ 34세,울산광역시 북구 노인장애과 생활보장팀(052-241-7623) / 주소지 관할 행정복지센터,국토교통부 (민원 콜센터 : 1600-0777),-,"□ 지원내용 : 실제 납부하는 임대료 범위 내에서 월 최대 20만원씩 12개월 동안 매월 분할 지원(생애 1회)*주거급여 수급자도 월세지원 한도액 20만원에서 주거급여액을 차감하고 지원","□ 지원제외① 주택소유자(분양권, 입주권 포함)② 직계존속‧형제‧자매 등 2촌 이내 주택 임차③ 공공주택특별법에 따른 공공임대주택 거주자④ 1실(방)에 다수가 거주하는 방식의 전대차인 경우⑤ 국토부 또는 지자체에서 시행하는 월세지원 수혜 중인 자 등",-,-,-
울산 북구 전세보증금 반환보증 보증료 지원,"사회초년생, 저소득 청년층의 전세보증금반환보증 가입을 유도하여 전세사기 피해를 예방하고 주거 안정 도모","□ 지원대상 ○ 거주지 : 신청일 기준 보증 효력이 유효한 전세보증금반환보증에 가입한 울산광역시 북구 거주자  ※ 외국인 및 재외국민은 제외※ 2024. 1. 1. ~ 3. 4.(사업시행일) 기간에 보증 효력이 유효한 전세보증금반환보증에 가입된 경우 신청 가능 (2024. 6. 30. 이전 신청자에 한함.)○ 연령 : 전 연령○ 소득- 청년* : 연소득 5천만원 이하- 청년 외 : 연소득 6천만원 이하- 신혼부부** : 부부 합산 연소득 7천5백만원 이하 * 울산광역시 청년 기본 조례에 따른 연령(만19세 ~ 만39세)** 혼인신고일로부터 7년 이내○ 주택 : 임대차계약 보증금이 3억원 이하인 주민등록 주소지와 일치하는 주거용 주택",공고문 참고,2024. 3. 4. 부터 신청 가능 (연중),"2024년 03월  04일 ~
								2024년 12월  31일",-,울산광역시 북구청 건축주택과 방문 신청,만 19세 ~ 39세,주관기관과 동일,울산광역시 북구 건축주택과(052-241-8029),-,"□ 지원내용○ 전세보증금반환보증에 가입한 보증료 전부 또는 일부 지원(보증기관) 1. 주택도시보증공사(HUG), 2. 한국주택금융공사(HF), 3. SGI서울보증○ 신청인이 기 납부한 보증료를(최대 30만원) 신청인 본인 계좌로 이체※ 청년, 신혼부부 : 기 납부한 보증료의 100% 지원 (최대 30만원)※ 청년 외 : 기 납부한 보증료의 90% 지원 (최대 30만원)※기타 자세한 사항은 사업 공고문 참조",공고문 참고,-,-,-
김해시 민간참여형 청년주택 입주자 및 예비입주자 모집,청년계층 1인 가구의 주거난 해소와 주거비 절감을 위해 운영하는 민간참여형 청년주택,"□ 신청대상 : 입주자 모집 공고일(2024. 5. 30.) 현재 만19세 이상 만39세 이하의 청년으로 전년도 도시근로자 월평균소득의 120% (4,179,557원)이하인 자",공고문 참고,2024. 5. 30.(목) ~ 모집인원 완료시까지 수시접수,상시,-,"□  신청방법 : 제출서류 구비하여 방문 신청- 김해시 김해대로 2401, 김해시청 행복민원청사 5층(공동주택과) - 입주자 및 예비입주자 상시 모집, 접수",만 19세 ~ 39세,주관기관과 동일,김해시청 공동주택과 저소득주거지원팀(☎ 055-330-4318),-,"※ 거북이집이란?경남 청년들에게도 거북이처럼 1인 1주택을 만들어 주겠다는 의지로 아직은 느릿느릿 앞으로 가고 있지만 언젠가는 토끼를 넘어설 거라는 희망을 주는 집 □ 공급현황○ 공급규모 : 1호 [※ 103호]- 위치 : 경상남도 김해시 삼안로 196번길 12-18(삼방동)○ 거주기간 : 계약일로부터 최소 2년(2027년 3월까지 반값 임대)○ 임대료 : 공고문 참고※ 관리비(최초 입주 1인당 2만원) 및 수도(입주인원 1/인원수)·전기·가스요금 등 공과금 입주자 부담 □ 모집인원 : 우선 입주자 : 1명, 예비 입주자 : 00명○ 향후 공가(계약 포기자 및 해약세대 발생 등)가 발생할 것에 대비하여 예비입주자를 모집하며, 공가세대 발생 시 현재 입주세대 신청순위 우선으로 협의 함○ 예비입주자로 선정되었다 하더라도 거주중인 임차인의 퇴거 등 상황에 따라  입주까지는 상당기간이 소요될 수 있음",공고문 참고,-,-,-
[제주특별자치도]2024년 일하는 청년 보금자리 지원사업(*기업 지원 사업),일하는 무주택 청년들의 숙소임차료(주택보조금)를 지원하여 청년의 주거 안정과 장기재직 및 지역정착을 유도,,,"사업기간2024-01-01 ~ 2024-12-31운영기간2024-01-01 ~ 2024-12-31예산소진시까지신청기간2024-01-01 ~ 2024-12-31분기별(1,4,7,10월) 1일부터 10일까지","2024년 01월  01일 ~
								2024년 12월  31일",,온라인 신청접수(도청) 또는 도청 문의(방문),만 19세 ~ 39세,제주특별자치도 / 경제일자리과,제주특별자치도 / 경제일자리과,,"ㅁ 지원받을 수 있는 사항  ㅇ 숙소 임차료의 60%(주택보조금의 80%), 1년간 월 최대 30만원 지원(기업지원), 생애2회 ㅁ 무주택 청년 근로자에게 숙소 또는 주택보조금을 지원하고 있는 상시근로자 1인 이상 도내 중소기업에게 숙소 임차료 지원","ㅁ 아래의 경우만 참여 가능  ㅇ 상시근로자 1인 이상 도내 중소기업  ㅇ 소득이 월 급여 358만원 미만 근로자에게 숙소 지원 시",상관없음,상관없음,상관없음
주택 연세 · 월세 대출이자 지원,무주택·자녀출산 가정 및 사회초년생에 대한 연·월세 자금 및 대출이자 지원을 통해 주거약자의 주거비 부담을 완화하고 무주택 서민의 주거 안정을 도모,,,"사업기간2019-09-01 ~ 2024-12-31운영기간2019-09-01 ~ 2024-12-31신청기간2019-09-01 ~ 2024-12-31",미정,,"ㅇ 신청방법 - 제주도청 주택토지과(710-4252) 방문접수 - 연중접수",만 19세 ~ 39세,제주특별자치도,제주특별자치도 / 주택토지과(주거복지팀),,"□ 지원내용 ○ 대표 내용 / 지원 대상자  - 사회초년생: 만 19세~39세 이하 사회초년생(재직기간 5년이내)  - 신혼부부, 자녀출산: 신청일 기준 7년 이내의 신혼부부나 자녀출산 가정  ○ 지원받을 수 있는 사항(연·월세)  - 주택자금 대출(잔액 기준) 이율 3.5%(최대 21만원) 지원  - 대출한도 연 600만원(최대 2년간 1,200만원 대출 / 최장 4년 원금균등상환)  □ 아래의 경우만 참여 가능  - 보증금 3천만원 이하로 연세 720만원 또는 월세 60만원 이하의 부동산 임대차 계약을 한 도민 □ 지원상세ㅇ 연·월세자금 대출이자 지원 정책이란 ?  - 무주택·자녀출산 가정 및 사회초년생에 대한 연·월세 자금 및 대출이자 지원을 통해 주거약자의 주거비 부담을 완화하고 무주택 서민의 주거 안정을 도모  - 대상(임차) 주택 : 전용 85m2 이하의 주택(읍, 면지역은 100m2)  - 생활형 숙박시설, 상업용숙박시설은 제외 □ 더 자세한 내용 알아보기 - 각 사업에 대한 자세한 내용은 제주도청 누리집(도정뉴스>입법·고시·공고)에서 확인하거나, - 도청 주택토지과 주거복지팀(☎710-4251~4252), 제주시 주택과(☎728-3072),  서귀포시 건축과(☎760-3013)로 전화문의- 참고. 제주시청 홈페이지 공고 https://www.jejusi.go.kr/index.ac",,상관없음,상관없음,상관없음
신혼부부 주택 전세 자금대출이자 지원,무주택·자녀출산 가정 및 사회초년생에 대한 주택 전세자금 대출이자 지원을 통해 주거약자의 주거비 부담을 완화하고 무주택 서민의 주거 안정을 도모,"지역기준: 제주도, 제주시, 서귀포시",,"사업기간2024-01-01 ~ 2024-12-31운영기간2024-01-01 ~ 2024-12-31신청기간2024-01-01 ~ 2024-12-31",미정,,"ㅇ 신청방법 - 주소지 읍·면 사무시 또는 동 주민센터 방문신청- 2024년 02월 05일 ~ 03월 08일(분기별 모집공고 1차~4차)",제한없음,제주특별자치도 / 주거복지팀,제주특별자치도 / 주거복지팀,,"ㅁ 지원내용 ㅇ 대표 내용 / 지원 대상자   - 신혼부부, 자녀출산: 신청일 기준 7년 이내의 신혼부부나 자녀출산 가정    ㅇ 지원받을 수 있는 사항(전세)  - 무주택 신혼부부·자녀출산 가정에 주택전세자금 대출잔액 의 1.5%(최대 130만원) 지원  - 우선순위인 다자녀(2자녀 이상), 장애인, 다문화 가구는 대출이자의 2%, 최대 170만 원까지 지원할 계획 ㅇ 대상주택  - 단독, 다세대, 연립주택 아파트 및 오피스텔  ㅇ 지원대상자(전세)  - 도내 거주, 금융권에서 주택전세자금 대출받은 혼인 및 자녀 출산 7년 이내 무주택 신혼부부 또는 자녀출산 가정  - 연 1회 현금지급(신청인 명의 계좌)  ㅇ 지급 제외  - 공공임대주택 임대차 보증금지원  - [둘째자녀 출산가구 주거임차비지원] 대상자  - 기타 본 지원 사업 공고 상 부적합한 자 ㅇ 더 자세한 내용 알아보기  - 각 사업에 대한 자세한 내용은 제주도청 누리집(도정뉴스>입법·고시·공고)에서 확인하거나,   - 도청 주택토지과 주거복지팀(☎710-4251~4252), 제주시 주택과(☎728-3072),     서귀포시 건축과(☎760-3013)로 전화 문의  - 참고. 제주시청 홈페이지 공고     https://www.jejusi.go.kr/index.ac",,상관없음,상관없음,상관없음
"[제주특별자치도, 제주특별자치도개발공사, 한국토지주택공사]2024년 매입 임대주택 공급",다가구 등 기존주택을 매입하여 개보수하거나 개량한 후 저소득 청년·신혼부부 등에게 저렴한 임대조건으로 공급하여 주거안정 도모,"□ 지원 대상자  ○ 다가구 등 기존주택 매입 후 저소득층에게 공급  ○ 19세∼39세(무주택 저소득 청년)·신혼부부·고령자 등",,"사업기간2024-01-01 ~ 2024-12-31운영기간2024-01-01 ~ 2024-12-31신청기간2024-01-01 ~ 2024-12-31","2024년 01월  01일 ~
								2024년 12월  31일",,,만 19세 ~ 39세,"제주특별자치도, 제주특별자치도개발공사, 한국토지주택공사 / 주택정책팀",제주특별자치도,,"□ 지원받을 수 있는 사항   ○ 저렴한 임대조건으로 임대주택 지원 □ 아래의 경우만 참여 가능  ○ 본인과 부모소득 합계 평균소득 100% 이하  ○  무주택자 □ 지원상세  ○ 다가구 등 기존주택 매입 임대사업 정책이란 ?     - 다가구 등 기존주택을 매입하여 개보수하거나 개량한 후 저소득 청년·신혼부부 등에게 저렴한 임대조건으로 공급하여 주거안정 도모  □ 입주대상자 상세안내 1. 무주택자인 미혼 청년 · 1순위 : 생계·주거·의료급여 수급자, 한부모가족, 차상위계층 · 2순위 : 본인과 부모의 월평균 소득이 전년도 도시근로자 가구당 월평균 소득의 100% 이하 · 3순위 : 1, 2순위에 해당하지 아니하는 사람 중 본인의 월평균 소득이 전년도 도시근로자 가구당 월평균 소득의 100% 이하   2. 우선공급 · 아동복지시설(가정위탁 포함)에서 퇴소 예정이거나 퇴소한지 5년이 지나지 아니한 사람 · 청소년 쉼터에서 퇴소 예정이거나 퇴소한지 5년이 지나지 아니한 사람(청소년 쉼터를 2년 이상 이용한 사람에 한 한다) 중 여성가족부장관이 주거지원이 필요 하다고 인정하여 공공주택사업자에게 통보한 사람",,상관없음,상관없음,상관없음
인천 전세보증금반환보증 보증료 지원,전세보증금반환보증 가입을 유도하여 저소득층의 전세사기 피해를 예방하고 주거안정 도모,"◉ 소득기준 - (청년) 신청일 기준 만18세~39세이하로 연소득 5천만원 이하 - (청년 외) 연소득 6천만원 이하(기혼자는 부부합산임) - (신혼부부) 신청일 기준 혼인신고일 7년이내인 부부, 부부합산 연소득 7천5백만원 이하 ◉ 주택기준 - 임차보증금 3억원 이하 * 주민등록상 주소지와 보증가입 물건지는 동일해야 함 ○ 대상 : 신청일 기준 보증효력이 유효한 전세보증반환보증에 가입한 주민등록상 인천시 거주 무주택자(본인 및 배우자 모두 무주택자) *보증기관: 주택도시보증공사(HUG), 한국주택금융공사(HF), 서울보증보험(SGI)",-,2024. 3. 4. ~ 12. 31. *예산 소진시 조기마감될 수 있음(신청순 지원),"2024년 03월  04일 ~
								2024년 12월  31일",2024.1. ~ 12.,정부24홈페이지 온라인 신청(www.gov.kr),만 0세 ~ 99세,인천광역시,국토교통부,,"임차보증금 3억원 이하 주택에 대하여 신청일 기준 보증 효력이 유효한 전세금반환보증(HUG,HF,SGI)보증료 기납액을 지원","○ 외국인 및 국내에 거주하지 않는 재외국민○ 임차인이 법인인 경우(회사 지원 숙소 등)○ 그 밖에 지자체장이 지원이 적합하지 않다고 판단하는 경우*자세한 사항은 '정부24' 사업안내 참조",제한없음,제한없음,제한없음
청년 월세 한시 특별 지원사업,청년 고용 불안정 심화에 따라 가중된 청년 층의 주거 비 부담 경감을 위한 월세 지원,□ 19-34세 부모님과 별도로 거주하는 무주택 청년,□ 온라인 홈페이지 복지로 신청,-,상시,-,-,제한없음,□ 사하구청 일자리복지과,□ 사하구청 일자리복지과,-,□ 월 최대 20만원씩 12개월간 지급,□ 19-34세 부모님과 별도로 거주하는 무주택 청년이 아닌 자,제한없음,제한없음,제한없음
성남시 여성1인가구 안심홈세트 지원사업,"주거침입, 폭력 등 여성 대상 범죄예방 및 안전한 주거환경 조성","□ 지원대상 (모두 충족해야 함)- 성남시 거주 여성1인가구(1인 단독 세대주), 한부모(모자)가정- 전·월세 보증금(전세환산가액) 3억원 이하 주택 거주자※ 제외대상 : 아파트 및 오피스텔 거주자, 자가 소유자",,□ 신청기간 : 2024. 4. 19. ~ 235세대 접수 완료 시까지,상시,,"□ 신청방법- 성남시청 홈페이지(시정소식>고시공고>일반공고)에서 신청서 다운로드 후 작성 및 제출- 제출방법: 경기민원24 사이트 신청(☞경기민원24) 또는 담당자 이메일, 방문 신청 중 선택(※ 경기민원24 사이트에서는 2024. 5. 1. 부터 신청 가능)  · 이메일: no3op55@korea.kr (☎031-729-8547)· 방  문: 성남시 수정구 수정로 157, 5층(태평동)",제한없음,-,□ 문의전화 : 성남시 여성가족과(☎031-729-8547),,"□ 지원물품 : 여성 1인가구 안심홈세트- 스마트 도어벨, 스마트 홈캠, 스마트 문열림센서, 이중잠금장치, 창문 잠금장치※ 휴대전화와 연동하여 사용하는 스마트 기기 특성 상 2.4GHZ Wi-fi 설치 필수",,-,-,-
자립준비청년 셰어하우스 CON 입주자 추가 모집(수원시),자립준비청년의 주거안정 도모,"○ 신청대상 - 입주자 모집 공고일(2024. 5. 13.) 현재 무주택자로서 아동복지시설을 만기 또는 중도 퇴소(예정)한 29세 이하 청년▶ 아동복지시설 :  아동양육시설, 공동생활가정, 가정위탁",,○ 신청기간 : 2024. 5. 20.(월) ~ 모집 시까지,상시,,"○ 신청방법 : e-mail 또는 방문 접수- e-mail : aromamin@korea.kr(접수 후 확인전화 필수(☎031-228-3028))- 방문 신청 : 수원시청 도시재생과 주거복지팀(수원시 팔달구 효원로 241(인계동) 별관 7층)▶ 접수시간 : 09:00 ~ 18:00 근무시간 내(점심시간 12:00 ~13:00)",만 0세 ~ 29세,-,○ 경기도 수원시청 도시재생과 주거복지팀(☎031-228-3028),"○ 모집인원 : 자립준비청년 3명(남 2명, 여 1명)","○ 임대기간- CON 5호 : 2024. 5. ~ 2026. 5. (2년)※ CON 2호 : 2024. 5. ~ 2024. 11. (잔여기간) ※ 연장여부 추후 검토○ 보증금 및 임대료 : 수원시 전액 지원(관리비 및 공과금만 부담)○ 입주특전① 임대보증금 및 임대료(호당 60만원 상당) 지원② 개인 및 공용공간 맞춤가구‧가전 및 생활용품 설치(호당 1천만원 상당)③ 지역사회 청년 관련 서비스 우선 이용 지원④ 취·창업 정보제공 및 기관 추천 연계⑤ 입주 청년 3명이 생활공간 규칙 만들기(최소한의 컨설팅 지원)⑥ 지역사회 봉사단체와 멘토·멘티 체계로 심리·사회적 안정 지원⑦ 만기퇴거 시 임대주택 입주우선권 부여 및 보증금 등 지원○ 입 주 일 : 2024. 5월 ~",,-,-,-
청년안심주택 공급(매입),역세권(간선도로변)의 민간소유 토지를 체계적으로 개발(민간 주도+공공 지원)하여 쾌적하고 저렴한 주택을 공급함으로써 청년층의 주거안정을 도모하고 지역경제를 활성화하고자 함.,-,"- 공공임대 문의 : 1600-3456* 청년안심주택의 원활한 공급 및 운영을 위하여 사업자 및 입주자를 대상으로 종합적인 컨설팅 및 상담 지원","연간 상시* 공고문 필히 참고 요망",상시,-,-,만 19세 ~ 39세,전략주택공급과,전략주택공급과,"8,184실(공공 2,216실, 민간 5,968실)",역세권(간선도로변)의 민간소유 토지를 체계적으로 개발(민간 주도+공공 지원)하여 쾌적하고 저렴한 주택을 공급함으로써 청년층의 주거안정을 도모하고 지역경제를 활성화하고자 함.,-,#NAME?,#NAME?,#NAME?
신혼부부 청년 임차보증금 지원사업,청년과 신혼부부의 주거비부담을 경감하여 혼인 감소 및 출산율 감소문제를 해결하기 위해 임차보증금 대출을 지원하여 주거디딤돌 역할,"- 청년안심주택(공공지원민간임대) 신규 입주예정자 중 아래의 소득 및 자산 기준을 충족하는 자※ 청년안심주택 임대보증금 지원 예산 소진 시 접수 불가※ 2024년 3월 1일 이후 접수자부터 아래의 신청자격 기준 적용","- 임대차 계약 후 청년안심주택 종합지원센터 방문신청- 신청기간: 신규 입주예정일 3주 전까지 방문 신청(평일 10:00~15:00, 점심시간 없이 운영)- 신청장소: 서울시 용산구 백범로99길 40, 용산베르디움프렌즈 102동 2층(청년안심주택 종합지원센터)- 문의전화: 1600-3456※ 서울시 임차보증금 이자지원 사업과 중복신청 불가※ 타 금융기관 전세자금대출과 중복 가능하나 대출가능여부는 금융기관에 문의",-,상시,-,"임대차 계약서 작성(임차인, 임대인)  => 임대보증금 지원 방문신청(임차인, SH)  =>  소득, 자산 심사(SH)  => 임대보증금 지원 약정서 체결(임대인, 임차인, SH)  =>  임대인 계좌로 지원금액 입금(SH)※ 신청접수방법 : 최초 계약 시는 입주개시(예정)일 3주전 까지 방문 신청 (최소 3주 기간 소요)",제한없음,서울시청 주택정책과,주택정책과,-,"□  임차보증금 무이자 지원- 임차보증금 1억원 초과: 보증금의 30%(청년 최대 4,500만원, 신혼부부 최대 6,000만원)- 임차보증금 1억원 이하: 보증금의 50%(청년 및 신혼부부 최대 4,500만원)",-,#NAME?,#NAME?,#NAME?
청년 월세 한시 특별지원,경제적 어려움을 겪는 청년층의 주거비 부담 완화를 위한 사업,"❶ (청년가구) 청년+배우자+직계비속+동일 주소지에 거주중인 「민법상」가족※ 민법상 가족의 범위 ➀배우자, 직계혈족 및 형제자매,➁직계혈족의 배우자, 배우자의 직계혈족 및 배우자의 형제자매(생계를 같이하는 경우에 한함)❷ (원가구) 청년가구+1촌 이내 직계 혈족(부모)❸ (소득평가액) 상시근로소득+기타사업소득+재산소득+공적이전소득-근로소득공제(근로·사업소득의 30%)(※ 근로소득은 건강보험공단 등 공적기관의 월평균보수액 자료로 확인함.)❹ (재산가액) 일반재산가액+자동차가액-부채(주택구입·임차보증금 용도만 인정)※ 원가구 구성 및 소득·재산 조사가 불필요한 경우 (청년가구만 판단)▲만 30세 이상(신청일 기준) ▲혼인*(이혼) ▲미혼부(모) ▲만 30세 미만 미혼 청년가구의 소득이 중위소득 50% 이상으로 부모와 생계를 달리하는 청년* 사실혼인 경우 사실혼관계증명 필요(제3자와 혼인관계 없으며, 1년 이상 동거해야 함. 주민등록등본 추가 제출)",,(※신청기간: ‘24.2.26.부터 1년간),"2024년 02월  26일 ~
								2024년 12월  31일",• 사업기간: ’24. 2. ~ ‘26. 12. (※신청기간: ‘24.2.26.부터 1년간),"- 온라인신청: 복지로 홈페이지(www.bokjiro.go.kr) 또는 어플리케이션- 방문신청: 세종시청 청년정책담당관 4층 (구비서류 제출 필요)",만 19세 ~ 34세,세종시청,세종시청,-,"• 지원내용: 월 최대 20만원씩 최대 12개월 지원 [지급기간]’24년 3월~ ’26년 12월소득·재산 등 요건 검증을 거쳐 지원대상 결정 통지 후 ’24년 3월부터 지급※ 신청 월 기준 청년이 당월에 지출한 월세부터 지급(매달 25일)","• 지원대상: 19~34세 부모와 따로 거주하는 무주택청년 (청약통장 가입 필수) - (소득·재산 요건) 원가구 소득 100% 이하이면서 재산 470백만원 이하 &청년가구 소득 60% 이하이면서 재산 122백만원 이하- (주택요건) 임차보증금 5천만원이하 및 월세 70만원 이하",-,-,-
청년 전월세 보증금대출이자 지원,□ 경제적으로 어려움을 겪는 청년의 주거 안정과 정착 여건을 향상시키기 위하여 전·월세 보증금 및 주택구입을 위한 대출이자를 지원,"□ 신청일 기준, 군에 주민등록이 되어있는 18세 ~ 45세 이하의 세대주 청년 또는 혼인신고일 기준 5년 미만인 신혼부부  ※ 45세 이하",,□ 상시,상시,□ 2024. 1. ~ 예산소진시까지,□ 담당자 이메일 접수,만 18세 ~ 45세,□ 예산군 총무과,□ 예산군,□ 35세대,"□ 전월세 보증금 대출이자  ㅇ 전월세 보증금 대출이자 4.5%이내 전액 ㅇ 대출한도 전세(1억원), 월세(5천만원) 이내 지원□  주택구입 대출이자 지원 ㅇ 주택구입 대출이자 4.5%이내 전액 ㅇ 대출한도 1.5억원 이내 지원",,□ 제한없음,□ 제한없음,□ 제한없음
청년 월세 특별지원 사업(대구),경제적 어려움을 겪는 청년층의 주거비 부담을 덜어드리기 위해 12개월 분의 월세를 월 최대 20만원까지 지원하는 사업,"□ 요   건  (소득) 원가구 중위소득 100% 이하 및 청년독립가구 중위소득 60% 이하  (재산) 원가구 4.7억원 이하 및 청년독립가구 1.22억원 이하   ※ 청년가구 : 청년+배우자+직계비속+동일 주소지 거주중 민법상 가족  ※ 원가구 : 청년가구+1촌이내 직계혈족(부모)",,2024-02-26 ~ 2025-02-25,"2024년 02월  26일 ~
								2025년 02월  25일","□ 신청기간 : 2024. 2. 26.(월) ~ 2025. 2. 25.(화) □ 지급기간 : 2024. 3월 ~ 2026. 12월","□ 신청방법  (온라인) 복지로 누리집(www.bokjiro.go.kr) 혹은 어플리케이션 (오프라인) 주소지 관할 행정복지센터  ※ 사전모의계산 : 복지로(www.bokjiro.go.kr), 마이홈포털(www.myhome.go.kr)",만 19세 ~ 34세,□ 주소지 관할 행정복지센터,□ 국토교통부,,□  실제 납부하는 임대료 범위 내에서 최대 20만원씩 12개월 동안 매월 분할 지원,"주택 소유자, 2촌이내 주택 임차, 공공임대주택 거주, 보증금 5천만원 초과 주택 거주, 월세 지원사업 수혜 중인 경우 등",-,-,-
청년 쉐어하우스 운영,□ 예산군으로 귀농하고자 하는 예비 청년 귀농인에게 귀농교육을 받으며 거주할 수 있는 임시주거 공간 제공,□ 예산군으로 귀농하고자 하는 20~40대 예비귀농인,,□ 상시,상시,□ 2024.1.1.~2024.12.31.,□ 전화 또는 방문신청,만 20세 ~ 49세,예산군 농업기술센터,□ 예산군 농업기술센터,□ 2세대,"□ 주거 공간최장 1년  ※ 관리비 지원",,□ 제한없음,□ 제한없음,□ 제한없음
전입대학생 기숙사비 지원,□ 안정적 주거지원,□ 다른 시‧군‧구에서 전입일을 기준으로 1년이상 주소를 두고 있다가 군 내에 전입한 자,,□ 상시,상시,□ 2024-01-01~2024-12-31,,만 25세 ~ 35세,□ 청양군 미래전략과,□ 청양군,□ 400여명,□ 관내 전입 대학생에게 학기당 최대 50만원 지원,□ 공고문 참조,□ 제한없음,□ 제한없음,□ 대학재학
청년 셰어하우스 운영,□ 청년들의 주거 안정 및 지역사회 정착 유도,□ 부여군 주민등록을 두고 거주하거나 거주 예정인 무주택 청년,,"□ 수시 ※ 추후 홈페이지 공고 확인",상시,□ 2018. 5. ~ 현재,□ 공고시 참조,만 18세 ~ 39세,□ 행정복지국 전략사업과,□ 부여시청,□ 13호,"□ 건물 임차 후 지역 청년들에게 저렴한 월세로 임대 ㅇ 입주기간 : 1년 ㅇ 운영규모 : 13호 ㅇ 입주현황 : 14명",,□ 제한없음,□ 제한없음,□ 제한없음
청년월세 한시 특별지원 2차 사업(칠곡군),청년 주거비 지원,□ 대상자 : ⌜청년기본법⌟상 청년(만 19~34세 이하)으로 부모님과 별도 거주하는 무주택자,-,2024-02-26~2025-02-25,"2024년 02월  26일 ~
								2025년 02월  25일",2022-08-22~2026-12-31,"□ 신청방법❍ 방문 신청 : 주소지 관할 읍면사무소❍ 온라인 신청 : 복지로 홈페이지(www.bokjiro.go.kr)",만 19세 ~ 34세,칠곡군청(일자리경제과 청년취업팀),국토교통부,약 370여명,□ 지원한도 : 실제 납부하는 임대료를 최대 240만원(월 최대 20만원)까지 최대 12개월(회) 동안 매월 분할 지원,,-,제한없음,-
통영시 청년 쉐어하우스 입주자 모집,청년층에게 부담이 되는 주거비용 경감을 통해 청년 주거안정화를 도모하여 통영 지역 정착 지원,"□ 신청대상: 공고일 기준 18세 이상 45세 이하면서 다음 자격조건을 모두 충족하는 자- 가. 미혼인 자- 나. 무주택자- 다. 소득기준 : 신청자 본인의 월 평균소득 합계가 전년도 도시근로자 가구당 월 평균소득 150% 이하일 것- 라. 자산기준 : 차량기준가액 3,708만원 이하※ 무주택자란 주택을 소유하고 있지 않거나 주거기본법 제17조 최저주거기준의 주거면적에 미달하는 주택을 소유하고 있는 자를 말함(※ 자세한 사항 공고문 참고)",,2024. 4. 16.(화) ~ 모집 시까지(선착순),상시,-,"□ 신청방법○ 접수방법: 방문접수(통영시청 제1청사 3층 기획예산실) ○ 문의사항: 기획예산실 인구청년정책팀 ☎055-650-3162",만 18세 ~ 45세,주관기관과 동일,통영시청 기획예산실 인구청년정책팀 ☎055-650-3162,"2명(남 1명, 여 1명)","□ 지원내용○ 물건주택: 통영시 북문2길 56 북신아파트 2개소 ○ 공급면적: 49.71㎡(15평), 42.48㎡(13평) □ 입주조건○ 임대 기간: 계약일로부터 1년(1년 연장 가능)○ 입주 시기: 입주자 선정 시○ 임대보증금 및 임대료 : 공고문 참고     ※ 보증금은 통영시(기획예산실)에서 부담 ※ 준수사항     - 임대료 및 관리비 등 입주자 부담(2인 이상 거주 시 분담 납부)- 전입신고 및 거주기간동안 주민등록 유지- 공동생활규칙 준수- 입주자 과실로 인한 쉐어하우스 훼손 시 입주자 부담","□ 제외대상 : 영구임대주택·행복주택·LH전세임대주택 공급받은 자, 기초생활수급자, 혼인중인 자, 대학생 및 대학원생, 국가 및 지자체 공무원(공무직포함), 국가 및 지자체 출자출연기관 근무자, 정부 및 지자체 청년 주거지원 사업 참여자",-,-,-
청년 주택 임차보증금 이자 지원,"□ 경제적으로 취약한 취업준비생의 주택 임차보증금 이자를 지원ㅇ사회초년생의 임대보증금 대출을 추천하고 대출이자의 일부를 보전하여 주거 안정에 기여","□ 신청일 현재 기준 중위소득 150% 이하에 해당하는 무주택자ㅇ대학(원)생,취업준비생:소득이없거나아르바이트*를하는경우본인과부모를포함한가구원수기준적용하되(형제·자매는가구원수에서제외),부모합산소득으로판별(본인소득제외)ㅇ직장인,사업자:건강보험에가입한직장에재직하며,단독세대를구성하고(예정포함)미혼인경우1인기준적용ㅇ기혼자:부부및자녀등포함가구원수계산(최소2인)",□ 이자지원 중단 및 연장 등 공고문 및 FAQ 확인,□ 2024. 1. 22.~~예산 소진 시,미정,□ 2024. 1. 22. ~ 2024. 12. 31.,□ 온라인 신청(홈페이지),만 19세 ~ 39세,□ 충청남도,□ 청년정책관,□ 예산 소진 시 조기 마감,"□ 주택임차보증금에 대한 대출 추천과 이자지원ㅇ융자한도: 1억 5천만원 이내 (주택임차보증금 2억원 이하인 주택의 80% 범위 내)ㅇ대출금리:은행별 취급 금리에 따라 선택  ※농협은행(2년 고정) 5.2% / 하나은행(6개월 변동) 신잔액COFIX(6개월)+2.1%□ 이자지원: 최대4.5%지원(기본최대3%,추가최대1.5%) ㅇ기본 이자지원 : 선정자 선택금리의 50% ㅇ 추가 이자지원 : 저소득자(기준 중위소득 120% 이하 0.2%p, 100% 이하 0.3%p, 80% 이하 0.4%, 60% 이하 0.3%p), 신혼부부* 0.3%, 자녀수(1자녀 0.3%, 2자녀 0.5%, 3자녀 이상 0.7%) ※혼인관계증명서상 신청인과 배우자의 혼인기간이 7년 이내 또는 3개월 이내에 결혼을 예정하여 세대 구성할 가구","□ 공공부문 종사자(공무원, 공공기관 등) 지원 제외",□ 제한없음,□ 제한없음,□ 제한없음
청년 쉐어하우스 운영,□ 안정적 주거지원,□ 청양군에 주소를 두거나 입주계약전 주소를 둔자,,□ 상시,상시,□ 2019년 ~ 계속,"- 군 홈페이지에 모집공고 후 신청서 및 증빙서류 제출- 신청자를 대상으로 면접실시- 선정결과 알림 이후 입주- 서류검사 진행 후 면접, 면접 이후 계약서 작성",만 18세 ~ 45세,□ 충남 청양군,□ 청양군 미래전략과,□ 20여명,"□ 청년에게 2년간 주거지원 ※월이용료 10만원",,□ 제한없음,□ 제한없음,□ 제한없음
청년 임대료 지원,□ 경제적으로 어려움을 겪는 청년들의 주거비 부담을 덜어주기위한 청년 임대료 지원,"-서약서 -개인정보 수집 및 제3자 제공동의서 -주민등록 등본 -가족관계증명서 1부 (기숙사의 경우 미제출)-임대차 계약서 사본 -건강보험료납부확인서(최근 6개월) -건강보험증(사본) *건강보험 자격확인(통보)서 대체 가능",,□ 상시,상시,□ 2024. 1. ~ 예산소진시까지,,만 18세 ~ 45세,□ 예산군청,□ 예산군 총무과,□ 60명,□ 월 5만원 월세 지원,,□ 제한없음,□ 제한없음,□ 제한없음
[금산군]청년쉐어하우스 운영,□ 지역 정착 청년의 초기 주거 안정 지원,"□ 금산군에 거주 또는 직장을 두거나, 활동·생활하고자 하는 무주택 청년 ※ 18~39세",,□ 2024.01.01.~2024.12.31.,상시,□ 2024.01.01.~2024.12.31.,□ 공고시 금산군에 직접 신청,만 18세 ~ 39세,□ 금산군청 행정복지국 인구교육가족과,□ 인구가족과,□ 11명,"□ 저렴한 월세 ※ 12~14만원 제공",,□ 제한없음,□ 제한없음,□ 제한없음
청년월세 한시 특별지원사업 2차 모집 안내,청년의 주거비 부담 감소 및 안정적 주거생활 지원,"□ 신청일 기준 익산시(주민등록) 거주,  19~34세 이하 부모와 별도 거주 무주택 청년(청약저축 가입자)○ (원가구) 기준중위소득 100%이하&(청년독립가구) 기준 중위소득 60%이하",-,2024. 2. 26.(월) ~ 2025. 2. 25.(화),"2024년 02월  26일 ~
								2025년 02월  25일",-,"□ 온라인 신청 : 복지로 홈페이지(https://www.bokjiro.go.kr) 청년 본인 인증절차를 거쳐 신청□ 방문신청 : 주소지 관할 주민센터에 청년본인 신청(원칙)※ 불가피한 경우 대리인 신청가능(월세는 청년 본인계좌로 지급)- 대리신청은 지급대상자의 법정대리인, 주민등록상 동일 세대원(동거인 제외), 동일 세대원이 아닌 배우자 및 직계존‧비속에 한하여 대리신청 가능하며 방문 시 위임장, 대리인의 신분증, 관계 증명서류 제출 필요",만 19세 ~ 34세,국토교통부,국토교통부,-,"□ 12개월 간 월 최대 20만원 임차료 지원○ 실제 월세 범위 내에서 최대 20만원까지 지급(임차보증금, 관리비 등 제외)○ 주거급여 수급자의 경우 월세지원액에서 주거급여액 중 월차임 (청년 주거급여 분리지급액 포함)을 차감한 금액만 지원","① 주택 소유자(분양권, 입주권 포함)② 직계존속‧형제‧자매 등 2촌이내 주택 임차(배우자의 2촌 이내 혈족 포함)③ 공공주택특별법에 따른 공공임대주택(공공주택특별법 상 공공주택사업자가 공급하는 주택, 공무원연금공단 공무원 임대주택 포함) 거주④ 보증금 5천만원 초과 주택 거주⑤ 1실(방)에 다수가 거주하는 방식의 전대차인 경우(다만, 1실에 다수가 거주하는 경우라도 임대인과 별도 임대차계약 체결 시 지원 가능), ⑥ 국토부 또는 지자체에서 시행하는 청년월세지원 수혜 중인 자(수혜 종료 후 신청 가능) 등",-,-,-
주택 연세 · 월세 대출,무주택·자녀출산 가정 및 사회초년생에 대한 연·월세 자금 및 대출이자 지원을 통해 주거약자의 주거비 부담을 완화하고 무주택 서민의 주거 안정을 도모,,,"사업기간2019-09-01 ~ 2024-12-31운영기간2019-09-01 ~ 2024-12-31신청기간2019-09-01 ~ 2024-12-31",상시,,"□ 신청방법- 제주도청 주택토지과(710-4252) 방문접수- 연중접수",만 19세 ~ 39세,제주특별자치도,제주특별자치도 / 주택토지과(주거복지팀),,"□ 지원내용   ○ 대표 내용 / 지원 대상자   - 사회초년생: 만 19세~39세 이하 사회초년생(재직기간 5년이내)   - 신혼부부, 자녀출산: 신청일 기준 7년 이내의 신혼부부나 자녀출산 가정   ○ 지원받을 수 있는 사항(연·월세)   - 주택자금 대출(잔액 기준) 이율 3.5%(최대 21만원) 지원   - 대출한도 연 600만원(최대 2년간 1,200만원 대출 / 최장 4년 원금균등상환)    ○  아래의 경우만 참여 가능   - 보증금 3천만원 이하로 연세 720만원 또는 월세 60만원 이하의 부동산 임대차 계약을 한 도민   ○ 지원상세    ㅇ 연·월세자금 대출이자 지원 정책이란 ?    - 무주택·자녀출산 가정 및 사회초년생에 대한 연·월세 자금 및 대출이자 지원을 통해 주거약자의 주거비 부담을 완화하고 무주택 서민의 주거 안정을 도모    - 대상(임차) 주택 : 전용 85m2 이하의 주택(읍, 면지역은 100m2)    - 생활형 숙박시설, 상업용숙박시설은 제외   ○  연·월세 지원대상자 상세 안내   - 도내거주, 금융권에서 주거안정 연월세 대출받은 혼인 및 자녀출 산 7년이내 무주택 신혼부부 또는 자녀출산가정.   - 도내 거주, 금융권에서 주거안정 연월세 대출받은 만 19세~39세 이 하 사회 초년생(재직기간 5년 이내)  □ 더 자세한 내용 알아보기 - 각 사업에 대한 자세한 내용은 제주도청 누리집(도정뉴스>입법·고시·공고)에서 확인하거나, - 도청 주택토지과 주거복지팀(☎710-4251~4252), 제주시 주택과(☎728-3072),    서귀포시 건축과(☎760-3013)로 전화문의- 참고. 제주시청 홈페이지 공고   https://www.jejusi.go.kr/index.ac",,상관없음,상관없음,상관없음
청년월세 한시 특별지원 사업(영주시),경제적 어려움을 겪고 있는 청년층의 주거비 부담 경감을 위해 청년월세를 한시적으로 지원,"□ 대상자❍  ⌜청년기본법⌟상 청년(만 19~34세 이하)으로 부모님과 별도 거주하는 무주택자❍ 지원자격 : 청년가구 소득 기준 중위소득 60% 이하, 원가구 소득 기준 중위소득 100% 이하",-,2024-02-26~2025-02-25,"2024년 02월  26일 ~
								2025년 02월  25일",2024-02-26 ~ 2026-12-31,-,만 19세 ~ 34세,영주시청(일자리경제과),국토교통부,,"실제 납부하는 임대료를 최대 240만원(월 최대 20만원)까지 최대 12개월(회) 동안 매월 분할 지원(*임차보증금, 관리비 등은 제외)","주택 소유자, 소득·재산 기준 초과자 등",없음,제한없음,없음
2024년 공공임대주택 공급,"사회초년생, 대학생, 신혼부부 및 저소득층(노인계층,취약계층)의 주거안정 도모를 위한 사업","지역기준 : 제주도, 제주시, 서귀포시",,"사업기간2016-01-01 ~ 2027-12-31운영기간2024-01-01 ~ 2024-12-31신청기간2024-01-01 ~ 2024-12-31","2024년 01월  01일 ~
								2024년 12월  31일",,,만 19세 ~ 39세,제주특별자치도 / 주택토지과(주택정책팀),제주특별자치도 / 주택토지과(주택정책팀),,"□ 지원내용  ○ 대표 내용 / 지원 대상자   - 공공임대주택 건설․공급 및 공공주택 건립 부지 매입 추진  - 사회초년생, 대학생, 신혼부부 및 저소득층(노인계층,취약계층)의 주거안정 도모를 위한 공공임대주택 공급  - 19세∼39세(대학생, 청년, 신혼부부, 한부모) □ 지원받을 수 있는 사항  ○ 공공임대주택 입주 등 □ 아래의 경우만 참여 가능  ○ 본인과 부모소득 합계 소득이 평균소득 100%이하  ○ 무주택자 □ 지원상세  ○ 공공주택 공급 정책이란 ?   -  사회초년생, 대학생, 신혼부부 및 저소득층(노인계층,취약계층)의 주거안정 도모를 위한 사업     □ 더 자세한 내용 알아보기  ○ 제주시권역 주거복지 센터 064-753-9500  ○ 서귀포시권역 주거복지 센터 064-767-9500  ○ 한국토지주택공사 콜센터 1670-0002",,상관없음,상관없음,상관없음
2024년 청년 전세 보증금 반환보증 보증료 지원,"전세사기, 역전세 현상의 주 피해자인 청년층 등 취약계층에게 전세 보증금반환보증 보증료 지원으로 보증가입 유도 및 주거안정 도모","지역기준 : 제주도, 제주시, 서귀포시",,"사업기간2024-01-01 ~ 2024-12-31운영기간2024-01-01 ~ 2024-12-31신청기간2024-01-01 ~ 2024-12-31","2024년 01월  01일 ~
								2024년 12월  31일",사업기간2024-01-01 ~ 2024-12-31,,만 19세 ~ 39세,제주특 / 주택토지과,국토교통부,,"ㅁ 사업내용   ㅇ  전세사기, 역전세 현상의 주 피해자인 청년층 등 취약계층에게 전세 보증금반환보증 보증료 지원으로 보증가입 유도 및 주거안정 도모  ㅇ 전세보증금반환보증 가입(HUG,HF,SGI)에따른﻿ 보증료 최대 30만원 지원 ㅁ  사업 대상  ㅇ 전세보증금반환보증에 가입한 만 19~39세 무주택 청년   ㅇ (연령 기준) 만 19~39세  ㅇ (소득 기준) 연소득 5천만원 이하(신혼부부 7천만원 이하)   ㅇ (기타 조건) 임차보증금 3억원 이하",,상관없음,상관없음,상관없음
1인 가구 청년 전/월세 안심계약 지원,1인가구 청년에게 주택 임대계약 중개보수 할인을 통해 청년들의 주거안정 도모,-,-,-,상시,2024.01.01.~2024.12.31.,"전·월세 상담·계약 완료 후 감면 신청서와 등본을 관내 착한 부동산 공인중개소에 방문하여 제출* 감면신청서(홈페이지 다운로드/공인중개사무소 비치), 등본(계약한 주소로 전입신고 후)제출",만 19세 ~ 39세,-,광주광역시 동구청 청년체육과,-,"□ 청년우대 착한 부동산중개사무소 협약 후 청년 전/월세 중개수수료 20% 감면* 아파트/오피스텔 제외* 월세인 경우 환산보증금[보증금 + (한달 월세액 x 100)]에 따름□ 지원대상 : 동구 거주(관내 이동) 또는 동구 전입하는 19~39세 1인가구 청년□ 참여 공인중개사무소 목록은 동구청 홈페이지(사업 관련 참고 사이트1)에서 확인",-,-,-,-
1인가구 전월세 안심계약도움서비스,"사회초년생, 계약경험이 부족한 1인가구가 전월세 계약과정에서 부당함을 겪지 않도록 지역사회 주거안심매니저(공인중개사 자격보유)가 계약상담과 집보기 현장동행 등의 서비스 제공",서울시 거주 또는 거주예정인 1인가구,"- 운영일시 : 매주 월, 목 13:30 ~ 17:30(주 2회, 공휴일 휴무) - 운영시간 외 서비스 요청 시 주거안심매니저의 일정이 가능할 경우 서비스 제공- 원활한 서비스 제공을 위해 최소 3~4일전 신청- 세부 운영일시는 자치구별로 상이할수 있으니 신청페이지에서 확인","매주 월, 목13:30 ~17:30(주 2회, 공휴일 휴무)",상시,,온라인 또는 전화(자치구 연락처 확인),제한없음,주관기관 동일,서울시청 여성가족정책실- 1인가구담당관,,"- 전월세 계약상담 : 주택임대차 계약 유의사항, 등기부등본 점검, 건축물 대장 확인 등- 주거지 탐색 지원 : 전월세 형성가 문의, 주변 환경 안내, 건물 입지 분석 등 지원 ※ 특정 매물을 추천하거나 찾아드리는 서비스가 아님을 유의하시기 바랍니다. ※ 주거안심매니저가 조력자 역할이 아닌 중개인 입장에서 특정 물건을 추천·권유할 경우     서울시 (02-2133-9272) 및 해당 자치구 연락처로 신고하여 주시기 바랍니다 .- 주거정책 안내 : 개인 맞춤형 지원정보 제공(전월세 관련 지원제도 안내 등)- 집보기 동행 : 물건확인 현장동행 지원, 주거환경 점검 및 조언",-,제한없음,제한없음,제한없음
청년 주거 임차비 지원,청년 창업 지원사업 등에 참여한 청년에게 주거 임차비 지원,-,-,연중,상시,2024-01-01~2024-12-31,"□ 신청 방법: 이메일, 우편, 방문 접수 ○ 제출처: 경북 상주시 상산로 223, 상주시청 미래정책실 ○ 이메일: eun1713@korea.kr(담당자)",만 19세 ~ 45세,상주시,상주시,"□ 예산액: 3,960만원 □ 지원인원: 11명 □ 월 최대 30만원(임차료의 80%지원), 10개월간 지원","□ 지원대상: 상주시 청년 창업 지원사업 참여자 □ 지원내용: 최대 월 30만원(임차료의 80%), 10개월간 지원","□ 기초생활보장 수급자□ 상주시 관내 주택 소유자□ 정부의 청년 주거지원 사업 참여자□ 상주시 타 주거지원 사업 참여자□ 최근 3년 이내 동일사업 기 참여자□ 대한민국 국적을 보유하지 않은 외국인□ 기타 사업 취지에 부합하지 않다고 판단되는 경우 등",-,제한없음,-
(미추홀구) 인천시 청년월세 지원사업,경제적 어려움을 겪는 청년들의 주거비용 부담 경감,"ㅁ 거주지 : 제한없음ㅁ 소득   ㅇ 청약통장 가입 필수(종류무관)   ㅇ 소득 : (청년독립가구) 기준 중위소득 60%이하 (원가구) 기준 중위소득 100% 이하  ㅇ 재산 : (청년독립가구) 재산 122백만원 이하 (원가구) 재산 470백만원 이하  ㅇ 주택 : 전입신고 필수       ※ 월세 임차보증금 5천만원 및 월세 70만원 이하 요건 폐지(2024.4.12.~시행)]       ※ 제출된 신청서를 토대로 공적자료 조회(조사시점 기준 적용)<가구구성 방법> (청년독립가구) 청년 + 배우자 + 직계비속 + 동일 주소지에 거주하는 그 외 「민법」상 가족* (원가구) 청년독립가구 + 1촌 이내 직계혈족(부,모) * (가족의 범위, 민법§779) ❶배우자, 직계혈족 및 형제자매, ❷직계혈족의 배우자, 배우자의 직계혈족 및 배우자의 형제자매(생계를 같이하는 경우에 한함)※ 원가구(부모님) 소득·재산 미고려 : ①30세 이상 ②혼인 ③미혼부·모 ④30세 미만 미혼 청년의 소득이 중위 50% 이상으로 생계를 달리한다고 군수·구청장이 인정하는 경우○ 대상 : 인천 19~39세 이하 부모님과 별도 거주 무주택 청년 - 월세지원 신청연령은 신청년도의 출생년을 기준(19~39세가 되는 해의 1.1.~12.31.)* 신청기간 : 2024. 2. 26. ~ 2025. 2. 25.(1년간)",-,2024.2.26. ~ 2025.2.25. (1년간),"2024년 02월  26일 ~
								2025년 02월  25일",2024. 2. ~ 2025. 2.,"(19세 ~ 34세) 복지로를 통한 온라인신청 및 관할 행정복지센터 방문 신청(35세 ~ 39세) 인천청년포털을 통한 온라인신청 또는 관할 행정복지센터 방문 신청",만 19세 ~ 39세,인천광역시 미추홀구 일자리정책과,인천광역시 청년정책담당관,-,"ㅁ 지원금액 : 1인 월 20만원씩, 최대 12개월(회) 월세 지원 - 실제 납부하는 월세의 최대 20만원까지 지원(임차보증금, 관리비 등은 제외)ㅁ 지 급 일 : 매월 25일 현금으로 지급 - 토요일이거나 공휴일인 경우에는 그 전날 지급 - 지원대상으로 선정될 시, 신청일 기준 당월에 지출한 월세부터 지급ㅁ 주거급여 수급자인 경우 전월(20일)에 지급한 주거급여를 차감하고 지급","○ 부모와 함께 거주(원가구와 세대분리하지 않은 자)하는 경우○ 주택 소유자(분양권, 입주권 포함) ○ 직계존속, 형제, 자매 등 2촌이내 주택을 임차한 경우(배우자의 2촌 이내 혈족 포함)○ 공공주택특별법에 따른 공공임대주택 거주자○ 1실(방)에 다수가 거주하는 방식의 전대차인 경우○ 전국 지자체 월세사업 또는 국토부 1차 월세사업 수혜 중인자 등(수혜종료 후 신청가능)",제한없음,제한없음,제한없음
(강화군) 인천시 청년월세 지원사업,경제적 어려움을 겪는 청년들의 주거비용 부담 경감,"ㅁ 거주지 : 제한없음ㅁ 소득   ㅇ 청약통장 가입 필수(종류무관)   ㅇ 소득 : (청년독립가구) 기준 중위소득 60%이하 (원가구) 기준 중위소득 100% 이하  ㅇ 재산 : (청년독립가구) 재산 122백만원 이하 (원가구) 재산 470백만원 이하  ㅇ 주택 : 전입신고 필수 ※ 월세 임차보증금 5천만원 및 월세 70만원 이하 요건 폐지(2024.4.12.~시행)]       ※ 제출된 신청서를 토대로 공적자료 조회(조사시점 기준 적용)<가구구성 방법> (청년독립가구) 청년 + 배우자 + 직계비속 + 동일 주소지에 거주하는 그 외 「민법」상 가족* (원가구) 청년독립가구 + 1촌 이내 직계혈족(부,모) * (가족의 범위, 민법§779) ❶배우자, 직계혈족 및 형제자매, ❷직계혈족의 배우자, 배우자의 직계혈족 및 배우자의 형제자매(생계를 같이하는 경우에 한함)※ 원가구(부모님) 소득·재산 미고려 : ①30세 이상 ②혼인 ③미혼부·모 ④30세 미만 미혼 청년의 소득이 중위 50% 이상으로 생계를 달리한다고 군수·구청장이 인정하는 경우○ 대상 : 인천 19~39세 이하 부모님과 별도 거주 무주택 청년 - 월세지원 신청연령은 신청년도의 출생년을 기준(19~39세가 되는 해의 1.1.~12.31.)* 신청기간 : 2024. 2. 26. ~ 2025. 2. 25.(1년간)",-,2024.2.26. ~ 2025.2.25. (1년간),"2024년 02월  26일 ~
								2025년 02월  25일",2024. 2. ~ 2025. 2.,(19세 ~ 34세) 복지로를 통한 온라인신청 및 관할 행정복지센터 방문 신청(35세 ~ 39세) 인천청년포털을 통한 온라인신청 또는 관할 행정복지센터 방문 신청,만 19세 ~ 39세,인천광역시 강화군 경제교통과,인천광역시 청년정책담당관,-,"ㅁ 지원금액 : 1인 월 20만원씩, 최대 12개월(회) 월세 지원 - 실제 납부하는 월세의 최대 20만원까지 지원(임차보증금, 관리비 등은 제외)ㅁ 지 급 일 : 매월 25일 현금으로 지급 - 토요일이거나 공휴일인 경우에는 그 전날 지급 - 지원대상으로 선정될 시, 신청일 기준 당월에 지출한 월세부터 지급ㅁ 주거급여 수급자인 경우 전월(20일)에 지급한 주거급여를 차감하고 지급","○ 부모와 함께 거주(원가구와 세대분리하지 않은 자)하는 경우○ 주택 소유자(분양권, 입주권 포함) ○ 직계존속, 형제, 자매 등 2촌이내 주택을 임차한 경우(배우자의 2촌 이내 혈족 포함)○ 공공주택특별법에 따른 공공임대주택 거주자○ 1실(방)에 다수가 거주하는 방식의 전대차인 경우○ 전국 지자체 월세사업 또는 국토부 1차 월세사업 수혜 중인자 등(수혜종료 후 신청가능)",제한없음,제한없음,제한없음
(옹진군) 인천시 청년월세 지원사업,경제적 어려움을 겪는 청년들의 주거비용 부담 경감,"ㅁ 거주지 : 제한없음ㅁ 소득   ㅇ 청약통장 가입 필수(종류무관)   ㅇ 소득 : (청년독립가구) 기준 중위소득 60%이하 (원가구) 기준 중위소득 100% 이하  ㅇ 재산 : (청년독립가구) 재산 122백만원 이하 (원가구) 재산 470백만원 이하  ㅇ 주택 : 전입신고 필수       ※ 월세 임차보증금 5천만원 및 월세 70만원 이하 요건 폐지(2024.4.12.~시행)]       ※ 제출된 신청서를 토대로 공적자료 조회(조사시점 기준 적용)<가구구성 방법> (청년독립가구) 청년 + 배우자 + 직계비속 + 동일 주소지에 거주하는 그 외 「민법」상 가족* (원가구) 청년독립가구 + 1촌 이내 직계혈족(부,모) * (가족의 범위, 민법§779) ❶배우자, 직계혈족 및 형제자매, ❷직계혈족의 배우자, 배우자의 직계혈족 및 배우자의 형제자매(생계를 같이하는 경우에 한함)※ 원가구(부모님) 소득·재산 미고려 : ①30세 이상 ②혼인 ③미혼부·모 ④30세 미만 미혼 청년의 소득이 중위 50% 이상으로 생계를 달리한다고 군수·구청장이 인정하는 경우○ 대상 : 인천 19~39세 이하 부모님과 별도 거주 무주택 청년 - 월세지원 신청연령은 신청년도의 출생년을 기준(19~39세가 되는 해의 1.1.~12.31.)* 신청기간 : 2024. 2. 26. ~ 2025. 2. 25.(1년간)",-,2024.2.26. ~ 2025.2.25. (1년간),"2024년 02월  26일 ~
								2025년 02월  25일",2024. 2. ~ 2025. 2.,(19세 ~ 34세) 복지로를 통한 온라인신청 및 관할 행정복지센터 방문 신청(35세 ~ 39세) 인천청년포털을 통한 온라인신청 또는 관할 행정복지센터 방문 신청,만 19세 ~ 39세,인천광역시 옹진군 지역경제과,인천광역시 청년정책담당관,-,"ㅁ 지원금액 : 1인 월 20만원씩, 최대 12개월(회) 월세 지원 - 실제 납부하는 월세의 최대 20만원까지 지원(임차보증금, 관리비 등은 제외)ㅁ 지 급 일 : 매월 25일 현금으로 지급 - 토요일이거나 공휴일인 경우에는 그 전날 지급 - 지원대상으로 선정될 시, 신청일 기준 당월에 지출한 월세부터 지급ㅁ 주거급여 수급자인 경우 전월(20일)에 지급한 주거급여를 차감하고 지급","○ 부모와 함께 거주(원가구와 세대분리하지 않은 자)하는 경우○ 주택 소유자(분양권, 입주권 포함) ○ 직계존속, 형제, 자매 등 2촌이내 주택을 임차한 경우(배우자의 2촌 이내 혈족 포함)○ 공공주택특별법에 따른 공공임대주택 거주자○ 1실(방)에 다수가 거주하는 방식의 전대차인 경우○ 전국 지자체 월세사업 또는 국토부 1차 월세사업 수혜 중인자 등(수혜종료 후 신청가능)",제한없음,제한없음,제한없음
(남동구) 인천시 청년월세 지원사업,경제적 어려움을 겪는 청년들의 주거비용 부담 경감,"ㅁ 거주지 : 제한없음ㅁ 소득   ㅇ 청약통장 가입 필수(종류무관)   ㅇ 소득 : (청년독립가구) 기준 중위소득 60%이하 (원가구) 기준 중위소득 100% 이하  ㅇ 재산 : (청년독립가구) 재산 122백만원 이하 (원가구) 재산 470백만원 이하  ㅇ 주택 : 전입신고 필수       ※ 월세 임차보증금 5천만원 및 월세 70만원 이하 요건 폐지(2024.4.12.~시행)]       ※ 제출된 신청서를 토대로 공적자료 조회(조사시점 기준 적용)<가구구성 방법> (청년독립가구) 청년 + 배우자 + 직계비속 + 동일 주소지에 거주하는 그 외 「민법」상 가족* (원가구) 청년독립가구 + 1촌 이내 직계혈족(부,모) * (가족의 범위, 민법§779) ❶배우자, 직계혈족 및 형제자매, ❷직계혈족의 배우자, 배우자의 직계혈족 및 배우자의 형제자매(생계를 같이하는 경우에 한함)※ 원가구(부모님) 소득·재산 미고려 : ①30세 이상 ②혼인 ③미혼부·모 ④30세 미만 미혼 청년의 소득이 중위 50% 이상으로 생계를 달리한다고 군수·구청장이 인정하는 경우○ 대상 : 인천 19~39세 이하 부모님과 별도 거주 무주택 청년 - 월세지원 신청연령은 신청년도의 출생년을 기준(19~39세가 되는 해의 1.1.~12.31.)* 신청기간 : 2024. 2. 26. ~ 2025. 2. 25.(1년간)",-,2024.2.26. ~ 2025.2.25. (1년간),"2024년 02월  26일 ~
								2025년 02월  25일",2024. 2. ~ 2025. 2.,"(19세 ~ 34세) 복지로를 통한 온라인신청 및 관할 행정복지센터 방문 신청(35세 ~ 39세) 인천청년포털을 통한 온라인신청 또는 관할 행정복지센터 방문 신청",만 19세 ~ 39세,인천광역시 남동구 일자리정책과,인천광역시 청년정책담당관,-,"ㅁ 지원금액 : 1인 월 20만원씩, 최대 12개월(회) 월세 지원 - 실제 납부하는 월세의 최대 20만원까지 지원(임차보증금, 관리비 등은 제외)ㅁ 지 급 일 : 매월 25일 현금으로 지급 - 토요일이거나 공휴일인 경우에는 그 전날 지급 - 지원대상으로 선정될 시, 신청일 기준 당월에 지출한 월세부터 지급ㅁ 주거급여 수급자인 경우 전월(20일)에 지급한 주거급여를 차감하고 지급","○ 부모와 함께 거주(원가구와 세대분리하지 않은 자)하는 경우○ 주택 소유자(분양권, 입주권 포함) ○ 직계존속, 형제, 자매 등 2촌이내 주택을 임차한 경우(배우자의 2촌 이내 혈족 포함)○ 공공주택특별법에 따른 공공임대주택 거주자○ 1실(방)에 다수가 거주하는 방식의 전대차인 경우○ 전국 지자체 월세사업 또는 국토부 1차 월세사업 수혜 중인자 등(수혜종료 후 신청가능)",제한없음,제한없음,제한없음
(계양구) 인천시 청년월세 지원사업,경제적 어려움을 겪는 청년들의 주거비용 부담 경감,"ㅁ 거주지 : 제한없음ㅁ 소득   ㅇ 청약통장 가입 필수(종류무관)   ㅇ 소득 : (청년독립가구) 기준 중위소득 60%이하 (원가구) 기준 중위소득 100% 이하  ㅇ 재산 : (청년독립가구) 재산 122백만원 이하 (원가구) 재산 470백만원 이하  ㅇ 주택 : 전입신고 필수       ※ 월세 임차보증금 5천만원 및 월세 70만원 이하 요건 폐지(2024.4.12.~시행)]       ※ 제출된 신청서를 토대로 공적자료 조회(조사시점 기준 적용)<가구구성 방법> (청년독립가구) 청년 + 배우자 + 직계비속 + 동일 주소지에 거주하는 그 외 「민법」상 가족* (원가구) 청년독립가구 + 1촌 이내 직계혈족(부,모) * (가족의 범위, 민법§779) ❶배우자, 직계혈족 및 형제자매, ❷직계혈족의 배우자, 배우자의 직계혈족 및 배우자의 형제자매(생계를 같이하는 경우에 한함)※ 원가구(부모님) 소득·재산 미고려 : ①30세 이상 ②혼인 ③미혼부·모 ④30세 미만 미혼 청년의 소득이 중위 50% 이상으로 생계를 달리한다고 군수·구청장이 인정하는 경우○ 대상 : 인천 19~39세 이하 부모님과 별도 거주 무주택 청년 - 월세지원 신청연령은 신청년도의 출생년을 기준(19~39세가 되는 해의 1.1.~12.31.)* 신청기간 : 2024. 2. 26. ~ 2025. 2. 25.(1년간)",-,2024.2.26. ~ 2025.2.25. (1년간),"2024년 02월  26일 ~
								2025년 02월  25일",2024. 2. ~ 2025. 2.,"(19세 ~ 34세) 복지로를 통한 온라인신청 및 관할 행정복지센터 방문 신청(35세 ~ 39세) 인천청년포털을 통한 온라인신청 또는 관할 행정복지센터 방문 신청",만 19세 ~ 39세,인천광역시 계양구 일자리정책과,인천광역시 청년정책담당관,-,"ㅁ 지원금액 : 1인 월 20만원씩, 최대 12개월(회) 월세 지원 - 실제 납부하는 월세의 최대 20만원까지 지원(임차보증금, 관리비 등은 제외)ㅁ 지 급 일 : 매월 25일 현금으로 지급 - 토요일이거나 공휴일인 경우에는 그 전날 지급 - 지원대상으로 선정될 시, 신청일 기준 당월에 지출한 월세부터 지급ㅁ 주거급여 수급자인 경우 전월(20일)에 지급한 주거급여를 차감하고 지급","○ 부모와 함께 거주(원가구와 세대분리하지 않은 자)하는 경우○ 주택 소유자(분양권, 입주권 포함) ○ 직계존속, 형제, 자매 등 2촌이내 주택을 임차한 경우(배우자의 2촌 이내 혈족 포함)○ 공공주택특별법에 따른 공공임대주택 거주자○ 1실(방)에 다수가 거주하는 방식의 전대차인 경우○ 전국 지자체 월세사업 또는 국토부 1차 월세사업 수혜 중인자 등(수혜종료 후 신청가능)",제한없음,제한없음,제한없음
(서구) 인천시 청년월세 지원사업,경제적 어려움을 겪는 청년들의 주거비용 부담 경감,"ㅁ 거주지 : 제한없음ㅁ 소득   ㅇ 청약통장 가입 필수(종류무관)   ㅇ 소득 : (청년독립가구) 기준 중위소득 60%이하 (원가구) 기준 중위소득 100% 이하  ㅇ 재산 : (청년독립가구) 재산 122백만원 이하 (원가구) 재산 470백만원 이하  ㅇ 주택 : 전입신고 필수       ※ 월세 임차보증금 5천만원 및 월세 70만원 이하 요건 폐지(2024.4.12.~시행)]       ※ 제출된 신청서를 토대로 공적자료 조회(조사시점 기준 적용)<가구구성 방법> (청년독립가구) 청년 + 배우자 + 직계비속 + 동일 주소지에 거주하는 그 외 「민법」상 가족* (원가구) 청년독립가구 + 1촌 이내 직계혈족(부,모) * (가족의 범위, 민법§779) ❶배우자, 직계혈족 및 형제자매, ❷직계혈족의 배우자, 배우자의 직계혈족 및 배우자의 형제자매(생계를 같이하는 경우에 한함)※ 원가구(부모님) 소득·재산 미고려 : ①30세 이상 ②혼인 ③미혼부·모 ④30세 미만 미혼 청년의 소득이 중위 50% 이상으로 생계를 달리한다고 군수·구청장이 인정하는 경우○ 대상 : 인천 19~39세 이하 부모님과 별도 거주 무주택 청년 - 월세지원 신청연령은 신청년도의 출생년을 기준(19~39세가 되는 해의 1.1.~12.31.)* 신청기간 : 2024. 2. 26. ~ 2025. 2. 25.(1년간)",-,2024.2.26. ~ 2025.2.25. (1년간),"2024년 02월  26일 ~
								2025년 02월  25일",2024. 2. ~ 2025. 2.,"(19세 ~ 34세) 복지로를 통한 온라인신청 및 관할 행정복지센터 방문 신청(35세 ~ 39세) 인천청년포털을 통한 온라인신청 또는 관할 행정복지센터 방문 신청",만 19세 ~ 39세,인천광역시 서구 일자리정책과,인천광역시 청년정책담당관,-,"ㅁ 지원금액 : 1인 월 20만원씩, 최대 12개월(회) 월세 지원 - 실제 납부하는 월세의 최대 20만원까지 지원(임차보증금, 관리비 등은 제외)ㅁ 지 급 일 : 매월 25일 현금으로 지급 - 토요일이거나 공휴일인 경우에는 그 전날 지급 - 지원대상으로 선정될 시, 신청일 기준 당월에 지출한 월세부터 지급ㅁ 주거급여 수급자인 경우 전월(20일)에 지급한 주거급여를 차감하고 지급","○ 부모와 함께 거주(원가구와 세대분리하지 않은 자)하는 경우○ 주택 소유자(분양권, 입주권 포함) ○ 직계존속, 형제, 자매 등 2촌이내 주택을 임차한 경우(배우자의 2촌 이내 혈족 포함)○ 공공주택특별법에 따른 공공임대주택 거주자○ 1실(방)에 다수가 거주하는 방식의 전대차인 경우○ 전국 지자체 월세사업 또는 국토부 1차 월세사업 수혜 중인자 등(수혜종료 후 신청가능)",제한없음,제한없음,제한없음
청년월세 한시 특별지원사업,□ 청년들의 주거비 경감,"□ 논산시 1년이상 주소를 둔자 ※ 거주하는 본인 또는 시민 자녀",,□ 2024. 2. ~ 2025. 2.,"2024년 02월  01일 ~
								2025년 02월  31일",□ 2024. 3. ~ 2026. 12.,"□ 주소지 읍면동사무소□ 정부24",만 19세 ~ 34세,□ 논산시 인구청년교육과,□ 국토교통부,,□ 실제 월세 범위내에서 월 최대 20만원 지원,,□ 제한없음,□ 제한없음,□ 제한없음
2024년 청년 월세 주거비 지원사업,최대 10개월 간 1인 월 최대 10만원 지원,-,-,미정,미정,2024-03-11~2024-12-20,-,만 18세 ~ 45세,고령군,고령군,70명 정도,"□ 지원대상 : 아래 요건을 모두 충족하는 자○ 고령군 거주 또는 거주 예정인 18세 이상 45세 청년○ 청년 1인가구 또는 청년 신혼부부(혼인신고일 7년 이내)○ 임차보증금 5천만원 이하이면서 월세 50만원 이하의 주택에 월세로 거주하는 전국 기준 무주택자○ 가구당 기준 중위소득 180% 이하",-,-,제한없음,-
용인청년 부동산 중개보수 감면 사업,용인청년들을 위한 주거지원 사업으로 청년 임차인 부동산 중개보수 감면(20% 이상),,,-,상시,,,만 18세 ~ 29세,-,경기도 용인시,,- '용인시 지정 청년우대 착한부동산 중개사무소' 에서 1억원 미만 임차 계약 시 중개보수 20%이상 감면,,-,-,-
청년 월세지원사업,□ 경제위기로 인한 청년 주거비 부담 경감을 위해 저소득 청년에 대한 한시 월세 지원 추진,□ 부모와 별도 거주하는 무주택 저소득 청년,,□ 연중,"2024년 03월  01일 ~
								2024년 12월  31일",□ 2024. 3.~2024. 12,,만 19세 ~ 34세,□ 아산시,□ 아산시,,"□ 월 최대 20만원 임차료 지원  ※최대12개월",,□ 제한없음,□ 제한없음,□ 제한없음
청년 주택자금 대출이자 지원사업,□ 주택자금 마련을 위한 대출이자 지원을 통해 청년의 주거안정 및 정주여건 향상,"□ 지원 신청일 현재 보령시에 주민등록을 두고 있거나, 보령시 주택구입자금 또는 전월세보증금 대출 후 1개월 이내 전입 예정자□ 무주택 세대주이면서 세대원(배우자 및 자녀) 전원 무주택자□ 가구소득인정액이 기준중위소득 180%이하인 자",,□ 상시,상시,□ 2024.01.01.~2024.12.31.,"□ (온라인) ㅇ보령시청 신청 홈페이지에 접속하여 신청서 작성□ (오프라인) ㅇ구비 서류 양식 작성 및 증빙서류 구비 후 시청 담당부서에서 신청",만 18세 ~ 44세,□ 새마을공동체과,□ 보령시청,□ 약 40명,"□ 주택구입자금 ㅇ대출금 1억 원 이내, 연 3백만 원 한도 이자지원(4년간, 3%)□ 전월세 보증금 대출이자 지원 ㅇ대출금 5천만 원 이내, 연 1.5백만 원 한도 이자지원(기본 2년, 기한연장시 2년 연장가능 최장 4년, 3%","□ 기초생활수급 주거급여 대상자□ 국가 및 지차체 주거지원사업 수혜자(행복주택, 디딤돌, 버팀목, 주거안정 월세대출, 전세임대, 중소기업 취업청년 전월세 보증금 대출 등)□ 충청남도 청년 주거지원사업, 귀농귀촌 주택융자지원□ 그 밖에 주택자금 이자 지원사업 등 중복수혜 불가",□ 제한없음,□ 제한없음,□ 제한없음
미혼청년 주거급여 분리지급,□ 경제적 어려움을 겪고 있는 청년들의 주거비 부담 경감,□ 주거급여 수급자의 미혼자녀,,□ 연중 운영,미정,□ 연중,"□ 읍면동 주민센터 방문 신청 및 복지로  ※ 웹사이트 또는 스마트폰 앱 신청",만 19세 ~ 30세,□ 시군구 복지센터,□ 충남도청 건축도시과,,□ 주거급여 수급자의 미혼자녀가 취학 구직 등의 목적으로 부모와 거주지를 달리 하는 경우 급여 분리 지급,,□ 제한없음,□ 제한없음,□ 제한없음
청년 임차보증금 이자지원,서울시에서는 청년들의 더 나은 주거환경과 소득 대비 높은 주거비 부담을 완화하기 위해 청년 임차보증금 이자지원을 제공합니다.,"○ 지원대상  - 근로청년: 현재 근로 중인 자  -  취업준비생 등: 현재 근로중이 아니면서, 과거 근로기간의 총합이 1년이상 있거나, 부모 연소득이 7천만원 이하인 자  * 무주택: 신청인 기준(부모님 주택 소유여부와 무관)  * 세대주: 주민등록등본 상 현재 세대주 또는 대출 실행 후 1개월 이내 세대주 예정자 ○ 주택조건  - 서울시 관내에 위치한 주택 또는 주거용 오피스텔로서, 임차보증금 3억원 이하, 월세 70만원 이하의 전월세계약  - 건축물대장상 주택이 아닌 곳과 불법건축물, 다중 주택, 공공임대주택은 지원 불가","- 본 사업을 통한 대출은 생애 1회로 제한합니다. 추가 대출 및 전액 상환 후 재신청은 불가합니다.- 추천서를 받으셨다 하더라도 은행내규에 적합하지 않을 경우 대출취급이 제한될 수도 있습니다.- 서울시 다산콜센터 (☎02-120)- 서울시 주택정책과 (☎02-2133-7026, 7029)",상시,상시,,,만 19세 ~ 39세,주관기관과 동일,서울시 주택정책과,,"○ 대출한도  - 최대 2억원(임차보증금의 90% 이내, 대출한도 최대 2억원은 2023.5.2 대출 신청 건부터 적용됨) ○ 지원금리  - 대출금액의 연 2% 이자지원   *본인부담금리: 대출금리 - 서울시 지원금리 (*본인 의무 부담금리 연 1.0%) ○ 대출기간  - 임차계약기간에 따라 회당 6개월~2년 (최장 8년까지 연장 가능)  - 만 39세까지 대출 및 이자지원(만 40세가 되는 날부터 이자지원이 중단됨)  - 예외: 대출만기 시점에 전세사기(깡통전세)로 인하여 대출금 상환이 어려울 경우 증빙서류 제출 시 대출연장 및 이자지원 연장처리(최장4년) ○ 대출형식  - 한국주택금융공사 보증서를 담보로 하나은행 재원으로 대출",,"1) 근로청년: 현재 근로 중인 자2) 취업준비생 등: 현재 근로중이 아니면서, 과거 근로기간의 총합이 1년이상 있거나, 부모 연소득이 7천만원 이하인 자",제한없음,제한없음
서울시 청년안심주택(공공지원민간임대) 임대보증금 지원,"대중교통이 편리한 역세권 및 간선도로변에 청년, 신혼부부의 주거안정 및 주거난 해소를 위해 시세대비 저렴한 공공임대와 민간임대 주택을 제공","○ 소득기준(2024년 3월 1일 이후 접수자 기준)   - 청년 : 신청자 본인(1인 가구) 소득 기준 전년도 도시근로자 가구원수별 가구당 월평균 100%이하(3,482,296원)   - 신혼부부 : 신호부부 및 자녀 합산 소득 기준 전년도 도시근로자 가구원수별 가구당 월평균 소득 120%이하(2인가구:6,498,854원 / 3인가구:8.638.379원)○ 자산기준   - 청년 : 신청자 본인 자산 기준 2억 7,300만원 이하   - 신혼부부 : 신혼부부 및 자녀 합산 자산 기준 3억 4,500만원 이하","- 청년안심주택 임대보증금 예산 소진시 지원 불가- 청년안심주태(공공임대) 입주자 신청 불가- 청년안심주택 임대보증금 지원과 서울시 청년 신혼부부 임차보증금 이자지원사업 중복 신청 불가- 접수 후 입대차 계약 내용 변경 불가   - 문의전화 : 1600-3456",신규 입주(예정)일 3주 전까지 방문신청(평일 10:00 ~15:00 점심시간 없이 운영),상시,,"○ 임대차 계약 후 청년안심주택 종합지원센터 방문신청(방문신청 시 지원약정서 작성 및 구비서류 제출)  - 신청기간 : 신규 입주(예정)일 3주 전까지 방문 신청(평일 10:00~15:00 점심시간 없이 운영)  - 신청장소 : 서울특별시 용산구 백범로99길 40, 용산베르디움프렌즈 102동(상가동) 2층, 청년안심주택 종합지원센터  * 최초 계약 시는 입주개시(예저)일 3주전까지 방문 신청(최소 3주 기간 소요)  - 문의전화 : 1600-3456",만 19세 ~ 39세,주관기관과 동일,서울시청 전략주택공급과,,"- 임차보증금의 30% 무이자 지원(청년 : 최대 4,500만원, 신혼부부 : 최대 6,000만원) * 임차보증금이 1억원 이하인 경우 50% 무이자 지원(청년 및 신혼부부 : 최대 4,500만원)",,제한없음,제한없음,제한없음
청년월세 한시 특별지원,□ 청년 저소득층의 주거비용 부담 완화를 위해 임대료(월세)를 한시적으로 지원,"□ 청년기본법상 청년(19세~34세)으로 부모님과 별도 거주 ※기준 중위소득으로 판단하며, 원가구는 100% 이하, 청년독립가구는 60%이하",,□ 2024. 2. 26. ~ 2025. 2. 25.,상시,□ 2024. ~ 2026.,□ 거주 시군의 읍면동 행정복지센터 방문,만 19세 ~ 34세,□ 국토교통부,□ 청년정책관,□ 월 20만원씩 최대 12개월,"□ 청년기본법상 청년(19세~34세)으로 부모님과 별도 거주 ㅇ 임차보증금 5천만원 및 월세 70만원 이하 주택에 거주하는 무주택자ㅇ 월 20만원씩 최대 12개월(회) 청년 본인계좌로 현금 지급",,□ 제한없음,□ 제한없음,□ 제한없음
성남시 취업청년 주거안심 패키지 사업,사회초년생 취(창)업 청년들의 높은 주거비 부담 완화를 위해 부동산중개비 및 이사비와 전세 보증금 대출이자 및 주택 월 임차료를 지원,기타 자세한 모집요강 및 세부 내용은 첨부된 공고문 참고,"신 청 자: 세대주 및 임대차계약서 기준 임차인은 신청자 청년 본인이어야 함  - 신청연령: 신청년도의 출생년을 기준(19〜34세가 되는 해의 1.1〜12.31일)으로 하고, 선정 이후 기준 연령을 초과하여도 계속 지원 가능",○ 신청기간: 2024. 3. 4.(월) ~ (예산소진시까지),"2024년 03월  04일 ~
								2024년 12월  31일",,"○ 신청방법: 온라인 신청(잡아바 어플라이, https://apply.jobaba.net 경기도일자리재단 통합접수시스템)    - 잡아바 어플라이를 통해 청년 본인(세대주)이 인증절차를 거쳐 신청    ※ 다만, 대리인이 신청하는 경우에도 중개비 및 이사비는 청년 본인 계좌로 지급",만 19세 ~ 34세,경기도 성남시,경기도 성남시,,"① 부동산중개비 및 이사비 지원: 신청일까지 지출 완료한  부동산 중개보수, 이사비를  최대 40만원까지 실비 지원 (생애 1회)    ② 전세보증금 대출이자 지원: 실제 지출하는 전세보증금 대출이자를 월 최대 20만원까지 최대 10개월(회) 지급 - 매월 이체내역 확인 후 지급   ③ 주택 월 임차료 지원:실제 납부하는 임차료를  월 최대 20만원까지  최대 10개월(회) 지급 임차보증금, 관리비 등은 제외 -매월 이체내역 확인 후 지급",,-,-,-
청년월세 한시 특별지원 사업(2차),경제적 어려움을 겪는 청년층의 주거비 부담을 덜어드리기 위해 12개월 분의 월세를 월 최대 20만원까지 지원,"□ 부모와 따로 거주하는 무주택 청년(19~34세) 중 보증부월세 거주(청약통장가입자)□ 19세~34세가 되는 해의 1월 1일부터 12월 31일까지 신청 가능□ 월세가 70만원이 초과되더라도 보증금의 월세환산액(연 5.5%)과 월세액의 합계액이 90만원 이하의 경우는 지원",-,20240226~20250225,"2024년 02월  26일 ~
								2025년 02월  25일",-,"복지로 홈페이지 또는 어플리케이션에서 온라인 신청, 거주지의 기초자치단체(시·군·구 또는 읍·면·동)로 방문 신청",만 19세 ~ 34세,전북특별자치도,전북특별자치도 청년정책과,-,실제 납부하는 임대료를 월 최대 20만원까지 최대 12개월에 걸쳐 지급,"□ 주택소유자(분양권, 입주권 포함)□ 2촌 이내 주택임차자(배우자의 2촌이내 혈족 포함)□ 공공주택특별법 상 공공임대주택 및 공무원임대주택 거주자□ 보증금 5천만원 초과주택 거주자□ 1실에 다수가 거주하는 전차인(단, 1실에 다수가 거주하는 경우라도 임대인과의 별도 임대차계약 체결 시 지원 가능)□ 국토부 또는 지자체 시행 기존 월세지원 수혜 중인 자(수혜종료 후 재신청 가능) 등",-,-,-
청년월세 한시 특별지원,코로나 19 장기화로 인하여 경제적 어려움을 겪고 있는 청년층의 주거비 부담 경감을 위하여 청년월세 한시적 지원,"□ 다음 조건을 모두 만족하는 경우 참여 가능❍ 2024년 기준 19세~34세 청년(1989년생부터 2005년생까지)❍ 부모 별도 거주 무주택 청년❍ 청년 본인소득이 기준중위소득 60% 이하❍ 청년 원가구 부모 소득이 기준중위소득 100% 이하","□ 문의처❍ 동구 청년체육과 : 062-608-2245❍ 서구 일자리청년지원과 : 062-350-4797❍ 남구 일자리정책과 : 062-607-2682❍ 북구 청년미래정책관 : 062-410-8440❍ 광산구 일자리정책과 : 062-960-3869",2024-02-26~2025-02-25,"2024년 02월  26일 ~
								2025년 02월  25일",2022.08.22.~2026.12.31.,접수처 : 주소지 행정복지센터(주민센터) 및 복지로 사이트,만 19세 ~ 34세,-,광주광역시 청년정책관,-,월 최대 20만원 임대료 지원 (최장 12개월),-,-,-,-
진안군 청년 주거비 지원사업,진안에 거주하는 청년들의 주거와 관련된 경제적 부담감을 해소하여 지역정착을 유도,"□ 진안군에 임대차계약을 맺고 거주하는 기준중위소득 150% 이하 무주택 청년 세대주로 아래 각 호의 요건을 모두 충족하는 자○ 나  이 : (공고일 기준) 18세 이상 ~ 45세 이하 * 1978. 2. 2～2006. 2. 1.○ 소  득 : 기준 중위소득 150% 이하※ 소득이 없는 경우 건강보험료 상 청년의 부양자의 기준중위소득으로 판단○ 재  산 : 무주택자 (세대주, 세대원)※ 가족관계증명서상 배우자, 자녀포함 확인○ 주  거 : (신청일 기준) 진안군에 주민등록을 두고 전·월세 임대차 계약을 맺은 자 월세(70만원 이하) 또는 전세(임차보증금 1억 5천만원 이하이면서 대출금 유) 건물※ (신청일 기준) 임대차 계약을 맺은 건물(진안군 소재)에 주민등록이 등재되어 있어야 함.",-,"□ 상반기 : ~05. 10□ 하반기 : ~10. 25.",상시,-,농촌활력과 청장년지원팀 제출(진안군 농업기술센터 2층),만 18세 ~ 45세,진안군 농촌활력과 청장년지원팀,진안군 농촌활력과 청장년지원팀,20명,"월 최대 15만원씩, 최대 12개월 주거비 지원(생애 1회)","□ 주택소유자(부모(배우자 포함), 본인 또는 배우자의 2촌이내 형제, 배우자 명의의 주택 거주자)□ 기초생활수급자 (주거, 의료, 생계, 교육급여 대상자)□ 국가 및 지자체의 청년주거지원 사업 참여자 (별표2 참고) ---> 첨부된 공고문을 통해 확인가능○ 행복주택, 전세임대주택, 사회주택 등 공급 받고 있는 사람(한국토지주택공사)○ 디딤돌대출, 청년전용 버팀목전세자금대출, 주거안정 월세대출, 중소기업 취업 청년 전월세 보증 대출, 청년전용 보증부 월세대출 등의 금융지원을 받고 있는 사람(한국주택금융공사, 국토교통부)",-,-,-
(정읍시) 2024년 신혼부부 및 청년 공공임대주택 임대보증금 지원계획 공고,관내 무주택 신혼부부 및 청년의 주거비 부담을 완화하기 위해 임대보증금을 무이자로 지원하여 주거 안정 및 주거복지 향상에 기여,"□ 신혼부부(정읍시 거주 무주택 혼인 7년이내/혼인신고일 기준)□ 미혼청년(만18 ∼ 39세)",-,"2024.02.01 ~ 2024.12.31, 단 예산의 범위 내에서","2024년 02월  01일 ~
								2024년 12월  31일",2024.02 ~ 12,세대주 본인 방문접수(정읍시청 건축과 5층 주거복지지원팀),만 18세 ~ 39세,정읍시,정읍시,40가구(계획),"임대보증금 세대당 20,000천원 이내",-,-,-,-
완주군 청년·신혼부부·다자녀가구 주택 전세자금 대출이자 지원,주거비 부담을 완화하기 위해 전세자금 대출금액(잔액)의 2%(최대 100만원/연) 지원,"□ 지원대상 : 신청일 기준 아래 조건을 모두 충족한 자  ❍ 청년    - 18세이상 39세 이하    - 완주군 임차 대상 주소지에 주민등록 등재 및 실제 거주    - 연소득 5,000만원 이하 무주택 청년  ❍ 신혼부부    - 혼인신고일로부터 5년 이내의 신혼부부    - 부부 모두 완주군 임차 대상 주소지에 주민등록 등재 및 실제 거주    - 부부 합산소득 연 8,000만원 이하 무주택 세대 구성원으로 이루어진 신혼부부  ❍ 다자녀가구    - 18세 이하의 자녀가 3명이상인 다자녀가구    - 부모와 자녀 모두 완주군 임차 대상 주소지에 주민등록 등재 및 실제 거주    - 기준중위소득 180퍼센트 이하인 본인 (배우자,자녀포함) 소유의 주택이 없는 다자녀가구","□ 신청시 유의사항    ❍ 임대차계약서 사본 또는 전세권 설정등기 등 임차확인 서류       * 신청인(또는 배우자) 계약으로 한정   ❍ 금융기관 등 주택 대출확인 서류           * 대출용도, 대출금액(잔액), 대출금리, 대출기간, 대출자명의, 대출 상품명이 표시 되도록 발급       *「신용ㆍ일반대출, 마이너스」용도는 지원 제외  ❍ 지방세 세목별(전국 및 주택에 대한 재산세) 과세증명       * 전국기준, 주택분“과세사실 없음”으로 본인 및 부부 모두 확인 증빙       * 전국기준 발급의 경우 인터넷 발급 불가, 방문발급만 가능  ❍ 건강보험료 납부확인서 등 소득증빙서류       * 건강보험료 납부확인서(1년분) 본인부담금에 의한 소득판정       * 근로소득원천징수영수증 또는 소득금액증명원으로 대체 가능       * 소득이 없는 경우 소득신고사실 없음 사실증명원(국세청 발급분)       * 건강보험 피부양자인 경우 건강보험 자격득실 확인서 첨부  ※ 제출서류가 미흡한 경우 접수 담당자가 추가로 자료보완을 요구 할 수 있음. □ 허위․부정한 방법 등으로 지원금을 받은 경우 지원금 환수",2024-02-01(목) ~ 2024-12-31(*예산소진 시 조기마감),상시,-,"□ 신청방법 : 본인 방문 신청 * 신혼부부 및 다자녀가구의 경우 배우자 동의를 거쳐 부부 중 1인 신청가능 □ 신청장소 : 주민등록 주소지 읍면 행정복지센터",제한없음,완주군,완주군,예산범위 내 소진 시까지 선착순 지원,"□ 지원내용 : 전세자금 대출금액(잔액)의 2%(최대 100만원/연)□ 지원한도 : 연 1회, 자격 및 지원기준 충족 시 최대 2년까지 지원□ 지급방법 : 신청자 개인계좌 입금","□ 지원제외대상  ❍ 국민기초생활보장법에 따른 기초생계·의료·주거급여 수급자  ❍ 공공주택특별법에 따른 공공임대(영구·국민·행복·장기전세·LH매입·LH매입전세)주택 거주자  ❍ 기타 공공기관 주택 전세자금 대출 등 관련 유사사업 지원 대상자  ❍ 직계혈족 및 그 배우자와 임대차 계약을 체결한 경우  ❍ 청년월세 한시 특별지원사업 대상자  ❍ 그 밖에 군수가 정하는 기준에 해당되지 않을 경우   ※ 신용·일반대출, 마이너스 등 주택전세자금 용도가 아닌 대출을 받은 자",-,-,-
광주시 청년 1인가구 이사지원 사업(독립응원 패키지),광주시 1인 청년 주거비 부담 완화 및 주거안정을 통한 거주환경 조성 지원 사업,"❍ 소득기준 - 가구당 기준 중위소득 180% 이하 - 개인 고지금액을 기준으로 하되, 소득이 없는 청년의 경우 가구소득 기준으로 판단 - 신청인(혹은 가구)의 건강보험료 고지금액 (전입신고 기준월)이 ‘2024년 건강보험료 소득판정’기준표상 기준 중위소득 180% 이하※ 건강보험료 고지금액 조회가 어려운 경우 별도의 소득 증빙자료를 요청할 수 있음※ 이사비 지원액 예산 초과 시, 접수 완료 순으로 선착순 지급",,"❍ 접수기간 : 매월 1일~10일, 매월 20일까지 선정대상자 개별 문자 전송, 매월 25일까지 지역화폐 충전※ 모집완료시 종료※ 선정 및 지급 : 평일 기준으로 주말 및 공휴일 제외",상시,,"❍ 온라인 신청(청년지원센터 홈페이지 > 공지 사항 > 신청서 다운로드 > 이메일 제출)❍ 접 수 처: 광주시 청년지원센터 ( gj-youth@naver.com )",만 19세 ~ 39세,-,광주시 청년지원센터(☎ 031-8027-0371),,"❍ 지원대상: 2024. 1. 1. 이후 광주시 전입 및 광주시 내에서 이사한 19세~39세 청년 1인 가구   ※ 광주시 전출 제외❍ 지원내용: 1인 최대 500,000원 한도 실비지원 (생애 1회)❍ 지원항목: 이사비(차량 대여비, 운반비, 포장비), 집수리(전구, 문고리), 입주청소 등 이사에 실제 사용한 금액 최대 500,000원 실비지원※ 부동산 중개 보수(중개 수수료) 불포함",,-,-,-
MZ하우스 및 안심거래 자문단 운영,"청년들의 주거 안정화를 위해 중개업소(깡통전세 미취급, 근절방안 모색), 안심거래자문단(계약관련 법률자문 및 상담) 운영",연수구 청년 누구나,-,-,상시,2024.1. ~ 12.,,만 19세 ~ 39세,인천광역시 연수구 공간정보과,인천광역시 연수구 공간정보과,,"□ MZ하우스 : 깡통전세 미 취급 / 부득이 취급 시 선순위 권리관계 등을 반드시 안내하는 중개업소 ○ 참고 사이트2에서 MZ하우스 참여업소 확인",-,제한없음,제한없음,제한없음
청년월세 한시 특별지원 2차,청년이 직면하는 높은 주거비 부담을 경감하여 주거안정 도모,"□ 지원대상 : 만 19~34세 이하 부모님과 별도 거주 무주택 청년(청약통장 가입 필수)□ 소득기준 : (원가구) 기준 중위소득 100% 이하 & (청년독립가구) 기준 중위소득 60% 이하",구·군 문의처는 사업관련 사이트 하단 참고,2024.02.26.(월) 09:00 ~ 2025.02.25.(화) 18:00,"2024년 02월  26일 ~
								2025년 02월  25일",,"□ 온라인 신청 : 복지로 홈페이지□ 방문 신청 : 주소지 관할 주민센터",만 19세 ~ 34세,-,-,-,"□ 지원내용 : 생애 1회에 한하여 月 20만원씩 최대 12개월(회) 간 지원※ 실제 납부하는 월세의 최대 20만원까지 지원(임차보증금, 관리비 등 제외)",-,제한없음,제한없음,제한없음
청년 신혼부부 주거자금 대출이자 지원,청년 신혼 부부 주거비 지원으로 지역 내 안정적 정착 도모,"주거 자금(구입, 전세) 목적으로 금융권 대출을 실행한 충주시 거주 혼인 7년 이내 청년 신혼부부 - 지원대상 세부 자격 공고문 확인",-,7월,"2024년 07월  01일 ~
								2024년 12월  31일",2024. 6. ~ 2024. 12.,거주지 읍면동 행정복지센터 방문 신청,제한없음,-,충주시 기획예산과 청년인구정책팀,"- 공고일 전월 대출잔액의 1.5% 해당하는 이자 지원 / 연 최대 100만원 한도, 최장 3년 지원(지원 조건 갖출 경우)","- 공고일 전월 대출잔액의 1.5% 해당하는 이자 지원 / 연 최대 100만원 한도, 최장 3년 지원(지원 조건 갖출 경우)",-,제한없음,청년 신혼부부,제한없음
"대학생 주거 지원(서서울관, 동서울관, 청주관)",지역인재들의 대학(원)과정 이수를 위한 장학시설 운영,본인 또는 친권자(후견자)의 주소가 충청북도인 자 - (서/동서울관) 수도권 지역 대학의 신입생 또는 재학생 - (청 주 관) 도내 대학(원)의 신입생 또는 재학생,-,매년 1월,상시,2024.1 ~ 2024.12,각 학사 홈페이지 온라인 접수 구비서류는 각 학사 방문 또는 우편 별도 제출,제한없음,-,충청북도 과학인재국 RISE추진과 지산학협력팀,"2인 1실, 정독실, 식당, 체력단련실 등입사생 부담 : 입사비 5만원, 월정부담금(서？동서울관 25만원, 청주관 17만원)","2인 1실, 정독실, 식당, 체력단련실 등",해당없음,제한없음,지역인재,대학 재학
청년월세 한시 특별 지원,청년이 직면하는 높은 주거비 부담을 경감하여 주거안정 도모,도내 거주 19세 ~ 34세 이하 부모님과 별도거주 무주택 청년 (청약통장 가입 필수) - 소득요건 : 원가구 중위소득 100%이하+청년가구 중위소득 60%이하,-,청년월세 지원신청 접수(수시),상시,2024. 1월 ~ 2024. 12월,청년월세 지원신청 접수(수시)온라인(복지로 https://www.bokjiro.go.kr) 및 오프라인(관할읍/면/동행정복지센터 등) 신청,만 19세 ~ 34세,-,충청북도기획관리실 인구청년정책담당관 청년지원팀,사업대상 : 19세 ~ 34세 이하 부모님과 별도거주 무주택 청년 (청약통장 가입 필수) - 주택요건 : 임차보증금 5천만원+월세 70만원 이하 주택 거주자 - 소득요건 : 원가구 중위소득 100%이하+청년가구 중위소득 60%이하,"최대 12개월, 월 200천원 임대료 지원",해당없음,제한없음,제한없음,제한없음
청년 주거급여 지원,취학·구직 등의 사유로 부모와 떨어져 주거지를 달리하는 19세~30세 미만의 미혼청년의 임대료 부담을 완화하고자 합니다.,-,"청년명의의 임대차계약을 체결하고 임차료를 지불하는 청년에게 지급(전입신고 필수)|주거급여 수급가구의 부모와 청년이 주민등록상 시·군·구를 달리하는 경우 인정하되, 동일 시·군·구라도 보장기관이 인정하는 경우는 예외로 함",20240101~20241231,"2024년 01월  01일 ~
								2024년 12월  31일",2024.01.01.~2024.12.31.,"신청 및 접수(동 행정복지센터에서 현장접수 또는 복지로 온라인 신청) - 소득, 재산 조사(구청) - 주택조사(LH) - 보장결정 및 급여지급(구청)",제한없음,"광주광역시, 5개 자치구",광주광역시 도시공간국 주택정책과,주거급여 수급자 및 주거급여 수급자와 세대분리한 청년,"지원상한액(광역시 기준) : 1인 216,000원, 2인 240,000원, 3인 287,000원, 4인 333,000원",-,-,-,-
유스타트 주택청약 종합저축 지원사업,자립준비청년의 주거 복지를 위한 주택청약종합저축 납입지원금 지원,"퇴소했거나 재원중이거나 보호가 종료된 아동(만18세~34세) 1,000명",-,2024.01.16.~2024.01.24.,상시,-,온라인(홈페이지 바로가기) 신청,만 19세 ~ 34세,주관기관과 동일,대한적십자사,-,"□ 자립준비청년의 주거 복지를 위한 주택청약종합저축 납입지원금 지원 ○ 우리은행 주택청약종합저축, 청년우대형 주택청약종합저축 (별도자격요건 필요) 통장 개설 ○ 매월 주택청약종합저축 계좌로 2만원 자동이체 - 지원예산: 1인당 월 2만원씩 24개월 지원 (본인 자금으로 1회 납입 후 2회~25회차까지 납입금 지원)※ 신청기간은 모집 마감시까지",-,-,-,-
주거안정월세대출,월세 부담으로 고민인 청년들에게 청년전용 주거안정 월세자금 대출,"아래 요건을 모두 충족하는 자1. (계약) 주택임대차계약을 체결하고 임차보증금의 5% 이상을 지불한 자 2. (세대주) 대출접수일 현재 민법상 성년인 세대주(대출실행일로부터 1개월 이내에 세대분가 또는 세대합가로 인한 세대주 예정자 포함)* 세대주의 정의: 세대별 주민등록상에 배우자, 직계존속(배우자의 직계존속) 또는 직계 비속인 세대원으로 이루어진 세대의 세대주 (* 형제/자매는 세대원에 미포함) 다만, 다음에 해당하는 자도 세대주로 간주1) 세대주의 배우자2) 주민등록표상에 세대원으로 등록된 자가 대출접수일 현재 3개월 이내에 결혼으로 세대주로 예정된 자 3. (무주택) 세대주를 포함한 세대원 전원이 무주택인 자 4. (중복대출 금지) 주택도시기금대출, 은행재원 전세자금대출 및 주택담보대출 미이용자- (주택도시기금대출) 성년인 세대원 전원(세대가 분리된 배우자 및 자녀, 결혼예정 배우자, 배우자의 직계존속과 동거세대를 구성하는 경우 배우자의 직계존속 포함)이 기금 대출을 이용 중이면 대출 불가- (전세자금대출 및 주택담보대출) 차주 및 배우자(결혼예정 또는 분리된 배우자 포함)가 전세자금(이주비)대출 및 주택담보대출을 이용 중이면 대출 불가- (학자금대출) 차주 및 배우자(결혼예정 또는 분리된 배우자 포함)가 학자금대출을 이용 중이면 대출 불가(단, 대학교 졸업증명서를 제출하는 경우 제외) 5. (자산) 대출신청인 및 배우자의 합산 순자산 가액이 통계청에서 발표하는 최근년도 가계금융복지조사의 ‘소득 5분위별 자산 및 부채현황’ 중 소득 3분위 전체가구 평균값 이하(십만원 단위에서 반올림)인 자 ※ 2024년도 기준 3.45억원 6. (신용도) 아래 요건을 모두 충족하는 자신청인(연대입보한 경우 연대보증인 포함)이 한국신용정보원 신용정보관리규약에서 정하는 아래의 신용정보 및 해제 정보가 남아있는 경우 대출 불가능1) 연체, 대위변제/대지급, 부도, 관련인 정보2) 금융질서문란정보, 공공기록정보, 특수기록정보3) 신용회복지원등록정보그 외, 부부에 대하여 대출취급기관 내규로 대출을 제한하고 있는 경우에는 대출 불가능 7. (공공임대주택) 대출접수일 현재 공공임대주택에 입주하고 있는 경우 불가※ 대출신청 물건지가 해당 목적물인 경우 또는 대출신청인 및 배우자가 퇴거하는 경우 대출가능 8. (우대형) 아래 중 어느 하나에 해당하는 자1) 취업준비생 : 부모와 따로 거주하는 자 또는 독립하려고 하는 자 중 만35세 이하 무소득자로 부모 소득이 6천만원 이하인 자2) 희망저축(키움)통장 가입자3) 사회초년생 : 취업 후 5년 이내로 신청일 현재 만 35세 이하 부부합산 연소득 4천만원 이하인 자4) 근로장려금 수급자 : 대출접수일 기준 최근 1년 이내 수급사실이 인정되는 근로장려금 수급자 중 세대주(세대주로 인정되는 자)5) 자녀장려금 수급자 : 대출신청일 기준 최근 1년이내 수급사실이 인정되는 자녀장려금 수급자 중 세대주(세대주로 인정되는자 포함)인 자6) 주거급여 수급자 : 대출 신청일 현재 주거급여 수급자 중 세대주(세대주로 인정되는 자 포함)인 자 (일반형) 부부합산 연소득 5천만원 이하자 중 우대형에 해당하지 아니한 자","[유의사항]- 대출 취급 후 주택취득이 확인된 경우에는 본 대출금을 상환하여야 함- 본 대출상품은 생애 중 1회만 이용 가능- 주택도시기금대출은 금융소비자보호법의 위법계약해지권 적용대상이 아님- 주거급여수급자(우대형)인 경우 농협은행 및 기업은행 대출신청 불가 [상담문의]- 대출 심사 관련한 상담은 아래의 콜센터 번호 및 기금 수탁은행 지점에서 가능합니다.- 자산심사 관련한 상담은 주택도시보증공사 콜센터 1566-9009 및 심사 진행 중 안내된 담당자 번호로 문의바랍니다.",신청시기: 임대차계약서 만기일이내에서 대출신청,상시,,"□ 온라인 신청: 기금e든든 홈페이지(https://enhuf.molit.go.kr)에서 가능□ 은행 방문 신청 기금 수탁은행인 우리, 신한, 국민, 농협, 하나은행에서 가능 ※ 이용 가능 지점은 은행 상황에 따라 다를 수 있음",제한없음,주택도시보증공사,국토교통부 주택기금과,-,"□ 대출금리(우대형) 연 1.3% (일반형) 연 1.8% □ 대출한도: 다음 중 작은 금액으로 산정○ 호당대출한도: 최대 1,440만원 (매월 최대 60만원 이내)※  주거급여 수급자의 경우 대출한도에서 주거급여 수급액 금액만큼 제외○ 담보별 대출한도: 한국주택금융공사 전세대출보증 : 해당 보증 규정에 따름 □ 대출기간: 2년(4회 연장, 최장 10년 이용 가능)","대출접수일 현재 공공임대주택에 입주하고 있는 경우 불가※ 대출신청 물건지가 해당 목적물인 경우 또는 대출신청인 및 배우자가 퇴거하는 경우 대출가능",제한없음,제한없음,제한없음
